Company Name,Address,District Number,Telephone Number,Fax Number,Website,Email Address,Category
A & B LOGISTICS LTD.,"PROFIT IND. BLDG.,
1-15 KWAI FUNG CRESCENT,
KWAI CHUNG,
NEW TERRITORIES,
HONG KONG.",852,"2363-1330
",2363-4294,http://www.a-blogistics.hk,kei@a-blogistics.net, FREIGHT FORWARDERS/LOGISTICS
"A & E SURVEYORS CO., LTD.","TSUEN WAN POST OFFICE,
HONG KONG.",852,2149-6020,2149-6298,,aeshkg@yahoo.com.hk, SURVEYORS
A & G LOGISTICS LIMITED,"KWAI TAK INDUSTRIAL CENTRE,15-33 KWAI TAK STREET,KWAI CHUNG,NEW TERRITORIES,HONG KONG. ",852,2758-9220,2755-9559,http://www.anghk.com,"alan@anghk.com
kam@anghk.com", FREIGHT FORWARDERS/LOGISTICS
A.R.T. LOGISTICS,"METROPLAZA,223 HING FONG ROAD,KWAI FONG,HONG KONG.",852,2619-9317,2619-9313,http://www.art-businessgroup.com,kito.ho@art-businessgroup.com, FREIGHT FORWARDERS/LOGISTICS
ABACUS SHIP MANAGEMENT LIMITED,"HONG KONG DIAMOND EXCHANGE BUILDING,
8 DUDDELL STREET,
CENTRAL,
HONG KONG.",852,2523-5754,2810-0414,,operations@abacus-shipmgmt.com.hk, SHIP MANAGEMENT
ABB TURBO SYSTEMS (HONG KONG) LTD,"3 DAI HEI STREET,
TAI PO INDUSTRIAL ESTATE,
TAI PO,
NEW TERRITORIES,
HONG KONG.",852,9103-5163,2929-3501,http://www.abb.com/turbocharging,turbo.hk@cn.abb.com, MARINE SUPPLIERS (EQUIPMENT)
ABC SHIPPING (HONG KONG) LIMITED,"WEST GATE TOWER,7, WING HONG STREET,CHEUNG SHA WAN,KOWLOON,HONG KONG.",852,2866-6849,2661-3285,,abc@abcs.hk , SHIP BROKERS
ADL EXPRESS LIMITED,"GEE CHANG IND. BLDG.,
108 LOK SHAN ROAD,
TOKWAWAN, KOWLOON,
HONG KONG.",852,2363-4281,2363-4294,http://www.adlexpress.com,kei@adlexpress.com, FREIGHT FORWARDERS/LOGISTICS
ADVANCED LEVEL INSPECTORATE LTD.,"WING HING INDUSTRIAL BUILDING,
83-93 CHAI WAN KOK STREET,
TSUEN WAN,
NEW TERRITORIES,
HONG KONG.",852,2311-9111,2119-7119,http://www.advanced-level.com.hk,inspectorate@advanced-level.com.hk, MARITIME CONSULTANCY
AEL-BERKMAN FORWARDING (H.K.) LIMITED,"MG TOWER,
NO. 133 HOI BUN ROAD,
KWUN TONG,
KOWLOON,
HONG KONG.",852,2541-9515,2854-0660,http://www.aelbkm.com,bonny@hk.aelbkm.com, FREIGHT FORWARDERS/LOGISTICS
AEQUILIBRIUM SCIENCE,"20 GRAND BUILDING,
GRANVILLE CIRCUIT,
TSIM SHA TSUI,
KOWLOON,
HONG KONG.",852,6171-6010,7183-2483,http://www.aequilibriumscience.com,info@aequilibriumscience.com, MARITIME CONSULTANCY
ALATAS HONG KONG LTD.,"WINNING CENTRE,
29 TAI YAU STREET,
SAN PO KONG,
KOWLOON,
HONG KONG.",852,2153-2153,2153-2163,http://www.alatas.com,hongkong@alatas.com.hk, MARINE SUPPLIERS (EQUIPMENT)
ALL PORTS AGENCY LIMITED,"TRENDY CENTRE, 
682 CASTLE PEAK ROAD, 
KOWLOON, 
HONG KONG.",852,2887-2471,2887-2203,,hkg@allportsagency.com, SHIPPING COMPANIES
ALLIED & ASSOCIATED ENTERPRISES (HK) LTD,"80 TUNG LO WAN RD,
HONG KONG.",852,2577-4306,2577-5214,http://www.alliedhk.com,info@alliedhk.com, GODOWNS & WAREHOUSES
AMEE & CO.,"DOMINION CENTRE,43 QUEEN'S ROAD EAST,WAN CHAI,HONG KONG.",852,9061-1186,null,http://amarine.com.hk,mail@amarine.com.hk, SURVEYORS
AMERICAN BUREAU OF SHIPPING,"QUEEN'S CENTRE,
58-64 QUEEN'S RD E,
WAN CHAI,
HONG KONG.",852,2527-8478,2861-3403,http://www.eagle.org,abshongkong@eagle.org , CLASSIFICATION SOCIETIES
ANDA SHIPPING LTD.,"YING YU BLDG.,
99-101 LAI CHI KOK ROAD,
MONGKOK,
KOWLOON,
HONG KONG.",852,2381-6566,2302-4661,,andaship@biznetvigator.com , LOCAL SHIPPING AGENTS
ANDERSON GLOBAL LOGISTICS LTD.,"TML TOWER,
3 HOI SHING ROAD,
TSUEN WAN,
NEW TERRITORIES,
HONG KONG.",852,3151-5400,3151-5402,http://www.anderson-agl.com,enquiry@anderson-agl.com, FREIGHT FORWARDERS/LOGISTICS
ANDREW MOORE & ASSOCIATES LTD.,"UNIVERSAL TRADE CENTRE,
3 ARBUTHNOT ROAD,
CENTRAL, 
HONG KONG.",852,2861-3313,2865-6571,http://andrew-moore.com,AMAHK@andrew-moore.com, MARITIME CONSULTANCY
ANFARI SHIPBROKING & AGENCY LIMITED,"THRIVING INDUSTRIAL CENTRE,
NO 26-38 SHA TSUI ROAD
TSUEN WAN,
HONG KONG. ",852,2851-3233,2851-2923,,"anfari@anfari.com.hk
agency@anfari.com.hk", LOCAL SHIPPING AGENTS
ANGLO EASTERN SHIP MANAGEMENT LTD.,"248 QUEEN'S ROAD EAST,
WAN CHAI,
HONG KONG. ",852,2863-6111,2861-2419,http://www.angloeasterngroup.com,aesm.hkg@angloeasterngroup.com, SHIP MANAGEMENT
ANGLO-EASTERN YACHT SERVICES LTD.,"248 QUEEN'S ROAD EAST,
WAN CHAI,
HONG KONG. ",852,2863-6111,2861-2419,http://www.aeyachtservices.com,enquiries@aeyachtservices.com, SHIP MANAGEMENT
ANPHI SHIPPING CO LTD,"FUI NAM BLDG.,
48-51 CONNAUGHT ROAD WEST,
HONG KONG.",852,2548-0821,2517-0839,,anphi@netvigator.com, SHIP BROKERS
AON HONG KONG LIMITED,"TIMES SQUARE,
1 MATHESON STREET,
CAUSEWAY BAY,
HONG KONG.",852,2862-4241,2243-8861,http://www.aon.com,tommy.ho@aon.com, MARITIME INSURANCE 
ARGOS CHINA LIMITED,"TAI YAU BLDG.,
181 JOHNSTON ROAD,
WAN CHAI,
HONG KONG.",852,2529-3122,2527-3318,http://www.argosenergies.com,bunker@argosenergies.hk, BUNKERS
ARGOSY SHIPPING (FAR EAST) LIMITED ,"CONNAUGHT ROAD WEST, SAI YING POON,HONG KONG.",852,"2541-6555
","2541-0263
",http://www.argosy.com.hk,"argosy@argosy.com.hk
Argosy-hmax-smax@argosy.com.hk

", SHIP BROKERS
ASIA BOATING LIMITED,"ANNEX BLDG,
ABERDEEN MARINA CLUB,
8 SHUM WAN ROAD,
ABERDEEN,
HONG KONG.",852,2572-9212,2572-6033,http://www.asia-boating.com,info@asia-boating.com, OTHERS
ASIA CONTAINER TERMINALS LTD.,"CONTAINER TERMINAL 8 WEST,
CONTAINER PORT ROAD SOUTH,
KWAI CHUNG,
NEW TERRITORIES,
HONG KONG. ",852,2991-8888,2485-3320,http://www.asiacontainerterminals.com,act-hotline@act.com.hk, CONTAINER TERMINALS
ASIA MARITIME,"8A GREENFIELD COURT,
DISCOVERY BAY,
HONG KONG. ",852,2987-8870,2987-7780,http://www.thisisasiamaritime.com,mike.grinter@thisisasiamaritime.com, SHIPPING PUBLICATIONS
ASIA PACIFIC (MARINE) SERVICES LTD.,"BUPA CENTRE,
141, CONNAUGHT ROAD WEST,
HONG KONG.",852,2803-0399,2857-6692,,asiapacmar@sinatown.com, SURVEYORS
ASIA UNION SURVEY SERVICES LIMITED,"MODERN TERMINALS WAREHOUSE BLDG. PHASE 1,
BERTH ONE,
KWAI CHUNG,
NEW TERRITORIES,
HONG KONG. ",852,2716-5133,2765-8287,,karrieho@asiaunion.com.hk , SURVEYORS
ASIA YACHT MANAGEMENT CO. LTD,"REGENCY CENTRE PHASE I,
39 WONG CHUK HANG RD,
ABERDEEN,
HONG KONG. ",852,2965-9777,2965-9111,http://www.aymhk.com,info@aymhk.com, SHIP MANAGEMENT
ASIAN WORLD MARINE SUPPLY COMPANY LIMITED,"KWONG GA FACTORY BUILDING, 64 VICTORIA ROAD,KENNEDY TOWN,HONG KONG",852,2872-0981,2817-8997,,asworld@biznetvigator.com, MARINE SUPPLIERS (EQUIPMENT)
"AVANTEC LOGISTICS (HK) CO., LTD.","UNIT 1710,
NEW TECH PLAZA,
SAN PO KONG, 
KOWLOON,
HONG KONG.",852,3426-3446,3753-3446,http://www.avanteclogistics.com,kohenry@avanteclogistics.com, FREIGHT FORWARDERS/LOGISTICS
AXA CORPORATE SOLUTIONS ASSURANCE,"BERKSHIRE HOUSE,
25 WESTLANDS ROAD,
QUARRY BAY,
HONG KONG.",852,2161-0000,2866-4688,http://www.axa-corporatesolutions.com,hongkong@axa-cs.com, MARITIME INSURANCE 
AXON CONSULTANCY LIMITED,"LIPPO CENTRE, 
ADMIRALTY,
HONG KONG.",852,2258-6392,3020-0321,http://marine.axonhk.com,info@axonhk.com, MARITIME CONSULTANCY
BAHAMAS MARITIME AUTHORITY,"HUTCHISON HOUSE,
10 HARCOURT ROAD,
CENTRAL,
HONG KONG.",852,2522-0095,2522-0094,http://www.bahamasmaritime.com,hongkong@bahamasmaritime.com, SHIPPING REGISTRIES
"BAOSEN SUNTOP LOGISTICS CO., LTD.","SINO PLAZA,
255 GLOUCESTER ROAD,
CAUSEWAY BAY, 
HONG KONG .",852,2668-8618,2665-5711,http://www.baosencn.cn,eric@baosencn.cn, FREIGHT FORWARDERS/LOGISTICS
BAP BUNKER,"BEVERLY HOUSE,
8/F, ROOM 804
HONG KONG.",852,6626-6512,null,http://www.bapbunker.com/en/,office@bapbunker.com, BUNKERS
BARTHEL VALVES ASIA LTD.,"THE WORKSTATION,
43 LYNDHURST TERRACE, 
CENTRAL,
HONG KONG.",852,49,40,http://www.barthel-valves-asia.com,niemann@barthel-valves-asia.com, MARINE SUPPLIERS (EQUIPMENT)
BAYBRIDGE SERVICES (FAR EAST) LTD.,"HING LUNG COMMERCIAL BUILDING,
68-74 BONHAM STRAND, 
SHEUNG WAN,
HONG KONG.",852,3691-8820,3006-1487,http://www.baybridge.hk,"Service@baybridge.hk.com
noel@baybridge.hk.com", MARINE SUPPLIERS (EQUIPMENT)
BEL INTERNATIONAL LOGISTICS LIMITED,"MITA CENTRE,
552-566 CASTLE PEAK ROAD,
KWAI CHUNG,
NEW TERRITORIES,
HONG KONG. ",852,2796-0118,2799-9227,http://www.bel-intl.com,info@bel-intl.com , FREIGHT FORWARDERS/LOGISTICS
BELIZE BUREAU OF SHIPPING SERVICES HONG KONG,"ETON BUILDING,
288 DES VOEUX ROAD C.,
HONG KONG.",852,2543-8848,2815-3275,,shipreg@pg02.com, MARITIME CONSULTANCY
BEN LINE AGENCIES (HK) LTD,"TUNG WAI COMMERCIAL BUILD,
109-111 GLOUCESTER ROAD,
WAN CHAI,
HONG KONG.",852,2893-4307,2893-4377,http://www.benlineagencies.com,mngt@benline.com.hk, FREIGHT FORWARDERS/LOGISTICS
BERNHARD SCHULTE SHIPMANAGEMENT (HONG KONG) LIMITED PARTNERHSIP,"K WAH CENTRE,191 JAVA ROAD,NORTH POINT,HONG KONG.",852,2561-8838,2561-8803,http://www.bs-shipmanagement.com,hk-smc-man@bs-shipmanagement.com, SHIP MANAGEMENT
"BILLBOARD (INTERNATIONAL) CO., LTD.","ENTREPOT CENTRE,
117 HOW MING STREET,
KWUN TONG,
HONG KONG.",852,2797-3972,2304-7011,http://www.billboard.com.hk,info@bbeng.com, MARINE SUPPLIERS (EQUIPMENT)
BMS UNITED BUNKERS (HK) LIMITED,"OCEAN CENTRE,
HARBOUR CITY,
TSIM SHA TSUI,
KOWLOON,
HONG KONG. ",852,2506-1388,2506-1988,http://bmsunited.com,hongkong@bmsunited.com, BUNKERS
BMT ASIA PACIFIC LIMITED,"FWD FINANCIAL CENTER,
308 DES VOEUX ROAD CENTRAL,
SHEUNG WAN,
HONG KONG.",852,2815-2221,2815-3377,http://www.bmtasiapacific.com/,hongkong@bmtasiapacific.com , MARITIME CONSULTANCY
BOGERD MARTIN MARINE (HK) LTD,"EVER GAIN PLAZA,
88 CONTAINER PORT ROAD,
KWAI CHUNG, 
NEW TERRITORIES,
HONG KONG",852,3565-4410,3565-4414,http://www.martin.be,sales@martinhk.com.hk, MARINE SUPPLIERS (EQUIPMENT)
BOMIN BUNKER OIL LTD,"BANK OF EAST ASIA,
HARBOUR VIEW CENTRE, 
56 GLOUCESTER ROAD,
WAN CHAI,
HONG KONG.",852,2891-7799,2893-1636,,bunkers@bomin.hk, BUNKERS
BRAEMAR TECHNICAL SERVICES PTE. LTD.  (INCORPORATING THE SALVAGE ASSOCIATION),"AUSTIN PLAZA,
83 AUSTIN ROAD,
KOWLOON,
HONG KONG.",852,2525-3619,2810-6229,http://www.braemarsa.com/,hong.kong@braemar.com, SURVEYORS
BRANSCOMBE MARINE CONSULTANTS LTD.,"113 BROADWAY,
MEI FOO SUN CHUEN,
LAI CHI KOK,
KOWLOON,
HONG KONG.",852,9089-1600,null,http://www.branscombe-marine.com,branscombe@netvigator.com, MARITIME CONSULTANCY
BRAVO MARINE LIMITED,"DES VOEUX COMMERCIAL CENTRE,
212-214 DES VOEUX ROAD,
CENTRAL,
HONG KONG.",852,2854-4118,2850-4217,,"agency@bravoholding.com
bravomar@hkstar.com", LOCAL SHIPPING AGENTS
BRENDA CHARK & CO.,"CNT TOWER,
338 HENNESSY ROAD,
WAN CHAI,
HONG KONG.",852,3590-5620,3020-4875,,brenda@brendachark.com, MARITIME LAW FIRMS
BROOKES BELL HONG KONG,"BROOKES BELL HOUSE,
13 PAK KONG AU VILLAGE,
SAI KUNG, 
NEW TERRITORIES, 
HONG KONG.",852,2358-4794,2358-4795,http://www.brookesbell.com,hongkong@brookesbell.com, MARITIME CONSULTANCY
BUNKER EXPRESS COMPANY LTD.,"PARKVIEW HOUSE,
120 ABERDEEN MAIN ROAD,
ABERDEEN,
HONG KONG.",852,3527-3496,2518-8529,http://www.bunkerexpress.com/,hkbunker@bunkerexpress.com, BUNKERS
C SOLUTIONS (HONG KONG) LIMITED,"THE BROADWAY,54-62 LOCKHART ROAD,WAN CHAI,HONG KONG.",852,2331-8817,3020-0151,http://www.csolutionslimited.com,info@csolutionslimited.com, MARITIME CONSULTANCY
C.H. ROBINSON WORLDWIDE (HK) LTD.,"EVER GAIN PLAZA,
88 CONTAINER PORT ROAD,
KWAI CHUNG, 
NEW TERRITORIES,
HONG KONG",852,3113-4268,3113-4266,http://www.chrobinson.com,kelvin.chan@chrobinson.com, FREIGHT FORWARDERS/LOGISTICS
C.L. LOGISTICS SERVICES LTD,"HI-TECH IND. CENTER,
5-21 PAK TIN PAR ST.,
TSUEN WAN,
NEW TERRITORIES,
HONG KONG. ",852,2415-1611,2492-0205,http://www.cllogistics.com,info@cllogistics.com, GODOWNS & WAREHOUSES
C.M.I. DEVELOPMENT COMPANY LIMITED,"BOSS COMMERCIAL CENTRE,
28 FERRY STREET,
JORDAN, 
KOWLOON, 
HONG KONG.",852,2780-7165,2385-7768,http://www.laycongroup.com,cmi@laycongroup.com, MARINE SUPPLIERS (EQUIPMENT)
CAESAR (HK) LIMITED,"TCL TOWER,
NO. 8 TAI CHUNG ROAD,
TSUEN WAN, N.T., 
HONG KONG.",852,3709-9513,3709-9514,,info@caesar.com.hk, FREIGHT FORWARDERS/LOGISTICS
CANDIMAR LIMITED,"ROOM 1505, 
TRADE CENTER,
135 BONHAM STRAND,
SHEUNG WAN,
HONG KONG.",852,2545-6377,2854-2409,,candimar@candimar.net, LOCAL SHIPPING AGENTS
CARGO INSPECTION & CONSULTANT LIMITED,"LEE CHAU COMMERCIAL BLDG,
11 HART AVENUE,
KOWLOON,
HONG KONG. ",852,2721-0696,2311-6054,,cichk@cargoinspection.com.hk, MARITIME CONSULTANCY
CARGO-PARTNER LOGISTICS LIMITED,"TRADE SQUARE,
681 CHEUNG SHA WAN ROAD.,
KOWLOON,
HONG KONG.",852,2833-5000,2833-5020,http://www.cargo-partner.com,hkhkg@cargo-partner.com, FREIGHT FORWARDERS/LOGISTICS
CARGOTEC ASIA LIMITED,"YOO HOO TOWER,
38-42 KWAI FUNG CRESCENT,
KWAI CHUNG,
HONG KONG.",852,2944-8383,2944-9966,http://www.cargotec.com,kalmarasia.info@cargotec.com, MARINE SUPPLIERS (EQUIPMENT)
"CARMICHAEL & CLARKE CO, LTD","JADE CENTRE,
98 WELLINGTON STREET,
CENTRAL,
HONG KONG.",852,2581-2678,2581-2722,http://www.carmichaelandclarke.com,carmi@hkstar.com, MARITIME CONSULTANCY
CENTRAL MARITIME LTD.,"DOMINION CENTRE,43 QUEEN'S ROAD EAST,WAN CHAI,HONG KONG.",852,2876-0608,2876-0665,,cenmari@pacificgroup.com.hk , SHIPPING COMPANIES
CENTRAL OCEANS ASIA LTD.,"CHINAWEAL CENTRE,
NO.414-424 JAFFE ROAD,
WAN CHAI,
HONG KONG.",852,2892-9200,2573-6171,http://www.centraloceans.com,hongkong@centraloceans.com, FREIGHT FORWARDERS/LOGISTICS
CENTRAL OCEANS LINE LTD.,"CHINAWEAL CENTRE,
NO.414-424 JAFFE ROAD,
WAN CHAI,
HONG KONG.",852,2892-9200,2573-6171,,hongkong@centraloceansline.com, SHIPPING COMPANIES
CGW LOGISTICS CO. LTD.,"TUNG NING BLDG.,
2 HILLIER ST.,
SHEUNG WAN,
HONG KONG. ",852,2151-9151,2151-9171,,cgwlhk@netvigator.com , SHIPPING COMPANIES
CHASE SUPERWIN LTD.,"WING ON PLAZA,
62 MODY ROAD,
TST-EAST,
KOWLOON,
HONG KONG.",852,6341-5765,2721-9464,http://www.chaselimited.com,foods@chaselimited.com, MARINE SUPPLIERS (EQUIPMENT)
CHELLARAM SHIPPING (HONG KONG) LTD.,"DINA HOUSE,
11 DUDDELL STREET,
CENTRAL,
HONG KONG.",852,2973-6111,2971-1400,http://www.chellship.com,mail@chellship.com , SHIP MANAGEMENT
CHEOY LEE SHIPYARDS LTD,"HING WAH STREET WEST,
LAI CHI KOK,
KOWLOON,
HONG KONG.",852,2307-6333,2307-5577,http://www.cheoylee.com,info@cheoylee.com, SHIPYARDS/SHIP REPAIRERS
"CHIMBUSCO PAN NATION PETRO-CHEMICAL CO., LTD.","LUK KWOK CENTRE,
72 GLOUCESTER ROAD,
WAN CHAI,
HONG KONG. ",852,2851-0832,2850-5801,http://www.chim-pn.com,bunker@chim-pn.com, BUNKERS
CHINA CLASSIFICATION SOCIETY,"SHUN TAK CENTRE,168-200 CONNAUGHT ROAD, CENTRAL,HONG KONG.",852,2547-6181,2858-2629,http://www.ccs.org.cn,ccshk@ccs.org.cn, SURVEYORS
"CHINA CTTIC HK CO., LTD.","SINGGA COM. CENTRE,
148 CONNAUGHT ROAD W.,
SAI YING PUN,
HONG KONG.",852,2541-1100,2541-1100,http://www.cttic.hk,brian.tsui@cttic.hk, MARITIME TELECOMMUNICATIONS
"CHINA LNG SHIPPING (INTERNATIONAL) CO., LTD.","MILLENNIUM CITY 6,
392 KWUN TONG ROAD, 
KWUN TONG, 
KOWLOON,
HONG KONG. ",852,2902-1500,2902-1501,http://www.clsico.com,null, SHIP MANAGEMENT
CHINA RESOURCES INSURANCE CONSULTANTS LTD.,"CHINA RESOURCES BUILDING,
26 HARBOUR ROAD,
WANCHAI,
HONG KONG",852,"2593-9103
",2827-4262,http://www.cr-ins.com,tsuichitwing@crc.com.hk, MARITIME INSURANCE 
CHINA RICH SHIPPING CO. LTD.,"WING TUCK COMM. CENTRE,
177-183 WING LOK STREET,
SHEUNG WAN,
HONG KONG",852,"2851-6621
(852)",2851-6625,http://www.chinarichshpg.com,crs@chinarichshpg.com, LOCAL SHIPPING AGENTS
CHINA SHIPPING (HK) CO. LTD.,"KOWLOON COMMERCE CENTRE,
51 KWAI CHEONG ROAD,
KWAI CHUNG,
NEW TERRITORIES,
HONG KONG.",852,"2858-1727
",2858-0277,http://www.cn-shipping.net,shiphk@cn-shipping.net, LOCAL SHIPPING AGENTS
CHINA TRAVEL (CARGO) LOGISTICS CENTRE LIMITED,"NO. 1 CHEONG TUNG ROAD,
HUNGHOM,
KOWLOON,
HONG KONG. ",852,2534-9299,2334-9235,,luna@hkcts.com , FREIGHT FORWARDERS/LOGISTICS
CHINA WHEEL SHIPPING (HOLDINGS) LIMITED,"SHIU FUNG HONG BUILDING,239-241 WING LOK STREET,SHEUNG WAN,HONG KONG. ",852,2332-5051,2332-7715,http://www.cws.com.hk,info@cws.com.hk, FREIGHT FORWARDERS/LOGISTICS
CHUANG XIN (CHINA) GROUP LIMITED,"SINO PLAZA,
255 GLOUCESTER ROAD,
CAUSEWAY BAY, 
HONG KONG .",852,2887-1301,2887-1871,http://www.chuangxinhk.com,enquiry@chuangxinhk.com, BUNKERS
CHUGOKU MARINE PAINTS (HK) LTD,"ISLAND PLACE TOWER,
510 KING'S ROAD,
NORTH POINT,
HONG KONG.",852,2576-6376,2576-3607,http://www.cmp.co.jp/en/,"harold@cmp-hk.com.hk
awong@cmp-hk.com.hk", PAINTS & COATINGS
CHUN MING CO,"KWUN LUNG LAU,
20 LUNG WAH ST.,
KENNEDY TOWN,
HONG KONG.",852,2406-8482,2560-0423,,chunming@yahoo.com, LOCAL SHIPPING AGENTS
CHUNG HING TUG CO,"RICE MERCHANTS BLDG,
77-8 CONNAUGHT RD W,
HONG KONG.",852,"2549-2072
(852)",2546-2406,,null, TOWAGE & SALVAGE
CITE LIMITED,"YAN'S TOWER,
25-27 WONG CHUK HANG RD,
ABERDEEN,
HONG KONG.",852,2552-0178,2873-0679,http://www.cite.com.hk,cite@cite.com.hk , MARINE SUPPLIERS (EQUIPMENT)
CL CONSOLIDATORS SERVICES LTD,"29 AUSTIN ROAD,
TSIM SHA TSUI,
KOWLOON,
HONG KONG.",852,2311-8836,2721-6079,http://www.cl-consolidators.com,clhkg@cl-consolidators.com, FREIGHT FORWARDERS/LOGISTICS
CLARKSON ASIA LIMITED,"SUN HUNG KAI CENTRE,
30 HARBOUR ROAD,
WAN CHAI,
HONG KONG.",852,2866-3111,2866-3068,http://www.clarksons.com,clarksons@clarksons.com.hk, SHIP BROKERS
CLYDE & CO,"CENTRAL PLAZA,18 HARBOUR ROAD,WAN CHAI,HONG KONG",852,2878-8600,2522-5907,http://www.clydeco.com,info.hongkong@clydeco.com, MARITIME LAW FIRMS
"CMS LOGISTICS GROUP HONGKONG CO., LTD.","TML TOWER,
NO. 3 HOI SHING ROAD,
TSUEN WAN, 
NEW TERRITORIES, 
HONG KONG.",852,2614-6286,2614-6246,http://www.cmsgroup.com.hk,rogerwong@cmsgroup.com.hk, FREIGHT FORWARDERS/LOGISTICS
COASTAL OIL (HK) LTD.,"SINNGA COMMERCIAL CENTRE,
144-151 CONNAUGHT ROAD WEST,
HONG KONG.",852,2851-8444,2851-7590,http://www.coastalpetrol.com,coastalhk@coastalpetrol.com, BUNKERS
COBA ENTERPRISE HONG KONG LTD.,"WINFULL COMMERCIAL BUILDING,
172-176 WING LOK STREET,
SHEUNG WAN,
HONG KONG.",852,2815-2593,2815-1292,http://www.coba-foods.hk,sales@coba-foods.hk, MARINE SUPPLIERS (EQUIPMENT)
COCKETT MARINE OIL (ASIA),"SUITE 1704,
HARCOURT HOUSE,
39 GLOUCESTER ROAD,
WAN CHAI,
HONG KONG.",852,2111-9939,2111-9169,http://www.cockettgroup.com,hongkong@cockettasia.com, BUNKERS
COMMONWEALTH OF DOMINICA INTERNATIONAL MARITIME REGISTRY HONG KONG REGIONAL OFFICE LIMITED,"FU FAI COMMERCIAL CENTRE,
27 HILLIER STREET,
SHEUNG WAN
HONG KONG.",852,6067-5608,null,http://dominica-registry.com/,hongkong@dominica-registry.com, SHIPPING REGISTRIES
COMPREHENSIVE INTERNATIONAL FREIGHT FORWARDERS LTD,"WHARF T & T SQUARE,
123 HOI BUN RD,
KWUN TONG,
KOWLOON,
HONG KONG.",852,2751-1600,2754-3873,http://www.ciff.com.hk,ciff@ciff.com.hk, FREIGHT FORWARDERS/LOGISTICS
CONNING SHIPPING LTD,"TIMES TOWER,
393 JAFFE ROAD,
CAUSEWAY BAY,
HONG KONG.",852,2739-9977,2723-0127,,conningshipping@gmail.com, LOCAL SHIPPING AGENTS
CONSILIUM HONG KONG CO. LTD.,"HANG SENG BANK NORTH POINT BRANCH BUILDING,
339 KING'S ROAD,
NORTH POINT,
HONG KONG.",852,"3521-1914
","2772-0730
",http://www.consilium.se,sunny.chung@consilium.cn, MARINE SUPPLIERS (EQUIPMENT)
CONTROL RISKS,"LYNDHURST TOWER,
1 LYNDHURST TERRACE,
CENTRAL,
HONG KONG.",852,"6963-0040
","2810-9268
",http://www.controlrisks.com,hongKong@controlrisks.com, MARITIME CONSULTANCY
COSCO-HIT TERMINALS (HONG KONG) LIMITED,"CHT TOWER,
TERMINAL 8 EAST,
CONTAINER PORT ROAD SOUTH,
KWAI CHUNG,
HONG KONG. ",852,2991-8888,2485-3320,,info@cosco.hit.com.hk, CONTAINER TERMINALS
CRAWFORD (HONG KONG) LTD.,"SUNSHINE PLAZA,
353 LOCKHART ROAD,
WAN CHAI,
HONG KONG.",852,"2526-5137
",2845-0598,http://www.crawfordandcompany.com,sumith.magamage@crawco.com.hk, MARITIME CONSULTANCY
CROWLEY ACCORD SHIP MANAGEMENT LIMITED,"CONNAUGHT ROAD, WESTSHEUNG WAN,HONG KONG.",852,2877-9009,2877-9222,http://www.accordship.net/,management@accordship.com.hk, SHIP MANAGEMENT
CRUMP & CO,"LIPPO CENTRE,
89 QUEENSWAY,
ADMIRALTY,
HONG KONG.",852,"2537-7000
",2804-6615,http://www.crump-co.com.hk,crumps@biznetvigator.com, MARITIME LAW FIRMS
CSX WORLD TERMINALS HONG KONG LTD,"KWAI CHUNG CONTAINER TEMINALS,
KWAI CHUNG,
NEW TERRITORIES,
HONG KONG. ",null,null,2614-4791,http://www.dpworld.com,"yvonne.chu@dpworld.com
michael.mok@dpworld.com", CONTAINER TERMINALS
CTX SPECIAL RISKS LIMITED,"TAI TUNG BUILDING,
8 FLEMING ROAD,
WAN CHAI,
HONG KONG. ",852,2527-9277,2527-2677,http://www.ctx-risks.com,thomas_cheung@ctx-risks.com, MARITIME INSURANCE 
"D.S. MARINE, LTD","LOCKHART CENTRE,
301-307 LOCKHART RD,
WAN CHAI,
HONG KONG.",852,2865-3378,2865-6806,http://www.dsmarine.com.hk,dsmarine@netvigator.com, LOCAL SHIPPING AGENTS
DCH LOGISTICS COMPANY LTD,"FUK HI STREET,
YUEN LONG INDUSTRIAL ESTATE,
YUEN LONG, 
NEW TERRITORIES,
HONG KONG.",852,3966-2228,3966-2200,http://www.dch.com.hk/english/hk_pre/hk_logistics/logistics/dch_logistics_hk/profile/index.php,achow@dchlogistics.com.hk, FREIGHT FORWARDERS/LOGISTICS
DELMAS HK LTD.,"MANULIFE FINANCIAL CENTRE,
223 WAI YIP STREET,
KWUN TONG,
KOWLOON,
HONG KONG.",852,2802-2086,2802-1966,http://www.delmas.com,hka.delmashk@delmas.com, SHIPPING COMPANIES
DELTA MARINE SERVICES LTD.,"FOOK YIP BUILDING,NO. 53-57, KWAI FUNG CRESCENT,KWAI CHUNG,NEW TERRITORIES,HONG KONG.",852,2153-9233,2153-9237,http://www.deltams.com.hk,general@deltams.com.hk, SURVEYORS
DLA PIPER HONG KONG,"THE LANDMARK,
15 QUEEN'S ROAD,
CENTRAL,
HONG KONG.",852,2103-0754,2810-1345,http://www.dlapiper.com,"nicholas.mallard@dlapiper.com
kevin.chan@dlapiper.com", MARITIME LAW FIRMS
DNV GL AS,"NO. 3 LOCKHART ROAD,
WAN CHAI,
HONG KONG.",852,2865-3332,2865-3513,http://www.dnvgl.com,"mpchk220@dnvgl.com
gl-hong.kong@dnvgl.com", CLASSIFICATION SOCIETIES
DONG AN MARINE SAFETY EQUIPMENT TRADING LTD.,"CHU KONG GROUP,
SHIPYARD BLDG,
93 HING WAH ST WEST,
LAI CHI KOK,
KOWLOON,
HONG KONG. ",852,"2815-0333
",2419-2207,http://www.yp.com.hk/das13024,dongan@yhckgs.com.hk , MARINE SUPPLIERS (EQUIPMENT)
DONG WOO SHIPPING CO LTD,"COSCO TOWER,183 QUEEN'S RD,CENTRAL,HONG KONG.",852,2534-3700,2534-3754,,dwops@dongwoo.com.hk, LOCAL SHIPPING AGENTS
DR J H BURGOYNE & PARTNERS (INT'L) LTD.,"ARION COMMERCIAL CENTER,
2-12 QUEEN'S ROAD WEST,
SHEUNG WAN,
HONG KONG.",852,2526-6731,2526-6755,http://www.burgoynes.com,hongkong@burgoynes.com.hk, MARITIME CONSULTANCY
DYNAMIC LAUNCH & MARINE SERVICE LTD.,"BEST-O-BEST COMMERCIAL BUILDING,
NO. 32-36 FERRY STREET,
KOWLOON,
HONG KONG.",852,2332-2215,2388-5225,,dlms@netvigator.com, PASSENGER FERRY SERVICES
EAST ASIA SHIPPING (HONG KONG) LTD.,"DOMINION CENTRE,43 QUEEN'S ROAD EAST,WAN CHAI,HONG KONG.",852,2876-0608,2876-0665,,cenmari@pacificgroup.com.hk, SHIPPING COMPANIES
EAST WEST MARITIME LIMITED,"PARK TOWER,
15 AUSTIN ROAD,
JORDAN, 
KOWLOON,
HONG KONG.",852,2739-1911,2369-4820,,ewsa@ewsa.com.hk, LOCAL SHIPPING AGENTS
EASTERN FORUM (FE) CO. LTD.,"FUK ON FACTORY BUILDING,
1123 CANTON ROAD,
KOWLOON,
HONG KONG. ",852,2787-3464,2787-6329,http://www.rescue.com.hk,sales@rescue.com.hk , OTHERS
"EASTERN WORLDWIDE CO, LTD","WESTERN CENTRE,
40-50 DES VOEUX RD WEST,
HONG KONG.",852,2592-3388,"2559-7090
",http://www.eww.com.hk,ship@eww.com.hk, LOCAL SHIPPING AGENTS
EASTLINK,"HONG KONG PLAZA,188 CONNAUGHT ROAD WEST,HONG KONG.",852,2555-0373,"2555-0373
",http://eastlink-logistics.hk,shipping@eastlinkgl.com, FREIGHT FORWARDERS/LOGISTICS
EKASHIP HARDWARE LTD,"CARNIVAL COMMERCIAL BUILDING,
18 JAVA ROAD,
NORTH POINT,
HONG KONG. ",852,2578-5898,2578-6896,http://www.ekaship.com,sales@ekaship.com, MARINE SUPPLIERS (EQUIPMENT)
ELEKON COMPANY,"KOWLOON BUILDING,
555 NATHAN ROAD,
KOWLOON,
HONG KONG",852,2770-6161,2780-7197,http://www.elekonmarine.com,elekon@elekonmarine.com , MARINE SUPPLIERS (EQUIPMENT)
ELETEK TECHNOLOGY LIMITED,"MILLENNIUM CITY 5,418 KWUN TONG ROAD,KWUN TONG,KOWLOON, HONG KONG.",852,2343-9833,2343-2223,http://www.eletek.com,"service@eletek.com
sales@eletek.com ", MARINE SUPPLIERS (EQUIPMENT)
ELITE LOGISTICS (HK) LTD.,"FOOK YIP BUILDING,NO. 53-57, KWAI FUNG CRESCENT,KWAI CHUNG,NEW TERRITORIES,HONG KONG.",852,2375-1887,2375-1812,http://www.elitelogistics.com.hk,elite@elitelogistics.com.hk, FREIGHT FORWARDERS/LOGISTICS
ENDEAVOUR BUNKER TRADING COMPANY LIMITED,"UNIT F, 23/FLOOR,
LUCKY PLAZA,
315-321 LOCKHART ROAD,
WAN CHAI,
HONG KONG.",852,2254-2888,2838-0390,,marine@eb-bunker.com, BUNKERS
ETERNITY SHIPPING AGENCIES LTD.,"YEE ON BUILDING,
26 EAST POINT ROAAD,
CAUSEWAY BAY,
HONG KONG.",852,2545-1212,2541-2085,,eternity@esal.com.hk , LOCAL SHIPPING AGENTS
EVER EARN INTERNATIONAL LTD.,"WORKINGFIELD COMMERCIAL BUILDING,
408-412 JAFFE ROAD,
CAUSEWAY BAY,
HONG KONG. ",852,2559-3193,2559-3293,,everearn@everearn.com.hk , LOCAL SHIPPING AGENTS
EVERGREEN MARINE (HONG KONG) LTD.,"HARCOURT HOUSE, 39 GLOUCESTER ROAD,WAN CHAI, HONG KONG.",852,2825-8211,2845-9162,http://www.evergreen-line.com,null, SHIPPING COMPANIES
EVERSHEDS,"GLOUCESTER TOWER,
THE LANDMARK,
15 QUEEN'S ROAD CENTRAL,
HONG KONG.",852,"2186-3200
",2186-3201,http://www.eversheds.com/global/en/where/asia/hong-kong/services/logistics-and-transport/index.page,williamleung@eversheds.com, MARITIME LAW FIRMS
EXPAT MARINE LIMITED,"SUITE 2404,
UNIVERSAL TRADE CENTRE,
3-5A ARBUTHNOT ROAD,
CENTRAL,
HONG KONG. ",852,2893-3344,2838-0654,http://www.expathk.com,expat@netvigator.com, MARITIME INSURANCE 
EXPRESS MARINE ELECTRONICS COMPANY LIMITED,"MAN SHING INDUSTRIAL BUILDING,
307-311 CASTLE PEAK ROAD,
KWAI CHUNG,
NEW TERRITORIES,
HONG KONG. ",852,2904-6215,2904-6235,http://www.eme.com.hk,info@eme.com.hk , MARINE SUPPLIERS (EQUIPMENT)
FAIRMONT SHIPPING (H.K.) LIMITED,"FAIRMONT HOUSE,
8 COTTON TREE DRIVE,
CENTRAL, HONG KONG.",852,2521-8338,2810-4560,,"vcrmnt@fairmontshipping.com
info@fairmontshipping.com", SHIP MANAGEMENT
"FAR EAST MARINE SURVEYORS, LTD","SHUN TAK CENTRE,168-200 CONNAUGHT ROAD, CENTRAL,HONG KONG.",852,2815-1708,2543-1349,,ccsfe@netvigator.com , SURVEYORS
FAST-LINK EXPRESS LIMITED,"SUN FUNG CENTRE,
88 KWOK SHUI ROAD.,
TSUEN WAN,
NEW TERRITORIES,
HONG KONG. ",852,2732-8888,2799-7545,http://www.fastlink-hk.com,info@fastlink-hk.com, FREIGHT FORWARDERS/LOGISTICS
FAT KEE STEVEDORES LTD,"WAYLEE INDUSTRIAL CENTRE,
30-38 TSUEN KING CIRCUIT,
TSUEN WAN,
NEW TERRITORIES,
HONG KONG. ",852,3717-1333,2420-6719,http://www.fkstev.com,fkshqhk@fkstev.com," CONTAINER DEPOTS, CONTAINERIZED FREIGHT SERVICES, GODOWNS & WAREHOUSES, MID-STREAM OPERATORS, SHIP MANAGEMENT"
FEDDERS HYDRAULICS SERVICES CO.,"BLOCK B AND C, 17/F., 
GLEE IND. BLDG.,
77-81 CHAI WAN KOK ST.,
TSUEN WAN,
NEW TERRITORIES,
HONG KONG. ",852,"2492-1119
",2492-9368,http://www.feddershydraulics.com,feddersservices@biznetvigator.com, MARINE SUPPLIERS (EQUIPMENT)
FENWICK SHIPPING SERVICES LTD.,"BLOCK A,
SEA VIEW ESTATE,
2-8 WATSON ROAD,
NORTH POINT,
HONG KONG.",852,2508-1282,2510-7550,http://www.fenwick.hk,fss@fenwick.hk , SHIPPING COMPANIES
FEOSO OIL TRADING LIMITED,"FEOSO BUILDING,
877 LAI CHI KOK ROAD,
KOWLOON,
HONG KONG.",852,3162-3888,3162-3600,http://www.feoso.com,feosobkr@feoso.com.hk, BUNKERS
FERGUSON INTERNATIONAL FREIGHT FORWARDERS LTD.,"WEST GATE TOWER,7, WING HONG STREET,CHEUNG SHA WAN,KOWLOON,HONG KONG.",852,3151-5566,3151-5568,http://www.ferguson-international.com,enquiry@ferguson-international.com, FREIGHT FORWARDERS/LOGISTICS
FIEGE LTD.,"78 HUNG TO ROAD,
KWUN TONG,
KOWLOON,
HONG KONG.",852,2892-0668,2892-0126,http://www.fiege.com,null, FREIGHT FORWARDERS/LOGISTICS
FINE SKY LOGISTICS LTD,"TSUEN WAN, IND., BLDG.,
59-71 WANG LUNG STREET,
TSUEN WAN,
NEW TERRITORIES,
HONG KONG.",852,2612-0912,2612-1950,http://www.finesky.com.hk,roydi@finesky.com.hk, FREIGHT FORWARDERS/LOGISTICS
FLAMELY SHIPPING LTD,"CHEONG TAI COMMERCIAL BLDG.,
60-66 WING LOK STREET,
SHEUNG WAN,
HONG KONG.",852,2180-8585,2180-8586,,flamely@flamely.com.hk , FREIGHT FORWARDERS/LOGISTICS
FLEET MANAGEMENT LIMITED,"DAH SING FINANCIAL CENTRE,
108 GLOUCESTER ROAD,
WAN CHAI,
HONG KONG.",852,2298-8300,2528-1550,http://www.fleetship.com,fml@fleetship.com, SHIP MANAGEMENT
FLYING LEAF SHIPPING LTD.,"TRUST TOWER,
68 JOHNSTON ROAD,
WAN CHAI,
HONG KONG.",852,2866-1205,2866-1676,,flsl@flyleaf.imsbiz.com.hk, SHIP MANAGEMENT
FLYNT INTERNATIONAL FORWARDERS LTD,"NEWPORT CENTRE, PHASE 2,
116 MA TAU KOK ROAD,
TO KWA WAN, 
KOWLOON,
HONG KONG.",852,2627-6100,2764-0664,http://www.flyntworldwide.com,info@flyntworldwide.com, FREIGHT FORWARDERS/LOGISTICS
FORTUNE FERRY CO LTD,"NORTH POINT EAST,
PASSENGER PIER EAST BERTH,
NORTH POINT,
HONG KONG.",852,2994-8155,2565-8683,http://www.fortuneferry.com.hk/,info@fortuneferry.com.hk , PASSENGER FERRY SERVICES
FORTUNE MARINE WHOLESALE LTD,"CENTRE MARK II,
NO. 305 QUEEN'S ROAD,
CENTRAL, 
HONG KONG.",852,2541-3813,2542-3759,http://www.fortunemarine.com,info@fortunehongkong.com, MARINE SUPPLIERS (EQUIPMENT)
FORTUNE PROTECTION SAFETY LTD,"CENTRE MARK II,
NO. 305 QUEEN'S ROAD,
CENTRAL, 
HONG KONG.",852,2541-3813,2542-3759,http://www.fortunemarine.com,info@fortunehongkong.com, MARINE SUPPLIERS (EQUIPMENT)
FP MARINE RISKS LTD.,"THE CENTRIUM,
60 WYNDHAM STREET,
CENTRAL,
HONG KONG. ",852,2544-3410,2542-4864,http://www.fp-marine.com,info@fp-marine.com, MARITIME INSURANCE 
FRATELLI COSULICH BUNKERS (HK) LTD,"TAI YIP BUILDING,
141 THOMSON ROAD,
WAN CHAI,
HONG KONG.",852,2529-9138,2529-6104,http://www.cosulich.it,bunker@cosulich.com.hk, BUNKERS
FREVER ENTERPRISE LTD,"MANDARIN BLDG.,
35 BONHAM STRAND EAST,
HONG KONG.",852,2541-1705,2543-1940,,frever@netvigator.com , LOCAL SHIPPING AGENTS
FUEGY LIMITED,"NAM WO HONG BUILDING,
148 WING LOK STREET,
SHEUNG WAN,
HONG KONG.",852,9048-0803,null,http://www.fuegy.com,info@fuegy.com, BUNKERS
FULL SMART ENTERPRISE LIMITED,"KINGSFORD IND. BLDG, PHASE 1,
26-32 KWAI HEI STREET,
KWAI CHUNG,
NEW TERRITORIES,
HONG KONG.",852,2819-7218,2819-7597,http://www.full-smart.com,fullsmart@full-smart.com, MARINE SUPPLIERS (EQUIPMENT)
FULL SPEED MARITIME LTD,"TERN CENTRE, 
237 QUEEN'S ROAD CENTRAL,
HONG KONG. ",852,2542-2323,2542-0101,http://www.fullspeed.com.hk,fullspeed@fullspeed.com.hk, FREIGHT FORWARDERS/LOGISTICS
FUTURE SKY LOGISTICS LIMITED,"HOI LUEN INDUSTRIAL CENTRE,
NO.55 HOI YUEN ROAD,
KWUN TONG,
KOLWOON, 
HONG KONG.
",852,3499-9027,8265-0546,http://www.futureskyhkg.com,joelau@futureskyhkg.com, FREIGHT FORWARDERS/LOGISTICS
G.R. LOGISTICS LIMITED,"CHAN UK VILLAGE, 
MANG KUNG UK,
CLEAR WATER BAY,
NEW TERRITORIES,
HONG KONG. ",852,9076-1196,null,http://www.gr-logistics.com,sales@gr-logistics.com, FREIGHT FORWARDERS/LOGISTICS
GLOBAL LOGISTIC CHINA LIMITED,"KWAI TAK INDUSTRIAL CENTRE,15-33 KWAI TAK STREET,KWAI CHUNG,NEW TERRITORIES,HONG KONG. ",852,2615-4444,null,http://www.glchk.com,alan@glchk.com, FREIGHT FORWARDERS/LOGISTICS
GLOBAL NET INT'L LOGISTICS CO LTD,"TEXWOOD PLAZA,
NO. 6 HOW MING STREET,
KWUN TONG,
KOWLOON,
HONG KONG. ",852,2950-0353,2950-0525,http://www.globalnet.com.hk,mktg@globalnet.com.hk, FREIGHT FORWARDERS/LOGISTICS
GOLD BRIDGE SHIPPING LTD.,"CHINA INSURANCE GROUP BUILDING,
141 DES VOEUX ROAD CENTRAL,
HONG KONG.",852,2854-2318,"2854-4704
(852)",http://www.gbship.com,"marketing@gbship.com
operation@gbship.com", SHIP MANAGEMENT
GOLD STAR SHIPPING (HK) LIMITED,"THE STRAND,
49 BONHAM STRAND EAST,
SHEUNG WAN,
HONG KONG ",852,2543-5559,2581-1330,http://www.gsshipping.com,"gsshipping@gmail.com
gsshipping1@gmail.com", LOCAL SHIPPING AGENTS
GRAND SEATRADE SHIPPING COMPANY LIMITED,"ALEXANDRA HOUSE,
18 CHATER OAD,
CENTRAL,
HONG KONG.",852,2526-4294,2810-6780,,gstrade@gstrade.imsbiz.com.hk, SHIP MANAGEMENT
GRANDFAME SHIP MANAGEMENT LTD,"CONNAUGHT ROAD, WESTSHEUNG WAN,HONG KONG.",852,2375-2068,2858-1389,http://www.gfship.hk,gfship@gfship.hk, LOCAL SHIPPING AGENTS
GREATER CHINA TRANSPORT LOGISTICS,"MILLENNIUM CITY 5,418 KWUN TONG ROAD,KWUN TONG,KOWLOON, HONG KONG.",852,2562-9195,2516-7094,http://www.gctl8.com,info@GCTL8.com, SHIPPING PUBLICATIONS
GREENS (HK) LTD.,"MEI KEI IND. BLDG,
30-40 WING LAP STREET,
KWAI CHUNG,
NEW TERRITORIES,
HONG KONG.",852,3528-0040,3528-0048,http://www.greens.com.hk,raja@greens.com.hk, MARINE SUPPLIERS (EQUIPMENT)
G-STAR LOGISTICS (HK) LTD,"YEE LIM IND CENTRE,
BLOCK A,
2-28 KWAI LOK ST,
NEW TERRITORIES,
HONG KONG. ",852,3188-2367,null,,vincenttang@g-starlogistics.com, SHIPPING COMPANIES
GUANGDONG AND HONG KONG FEEDER ASSOCIATION LTD.,"PARKLANE BUILDING,
235 QUEEN'S ROAD CENTRAL,
SHEUNG WAN, 
HONG KONG.",852,2137-9351,3585-3009,http://www.ghkfal.org,info@ghkfal.org, TRADE/SHIPPING ORGANIZATIONS
GUANGZHOU SHUI NAM LOGISTICS SERVICES LTD. ,"TERN CENTRE, TOWER 1,
237 QUEEN'S ROAD,
CENTRAL,
HONG KONG.",852,2815-1812,2851-9997,http://www.shuinam.com.hk,kennethchan@shuinam.com.hk , FREIGHT FORWARDERS/LOGISTICS
GUIDELINE (HK) LIMITED,"TECHNOLOGY PARK,
18 ON LAI STREET,
SHA TIN,
HONG KONG ",852,3741-6500,3741-6501,http://www.guideline.com.hk,prijual@guideline.com.hk, FREIGHT FORWARDERS/LOGISTICS
GULF AGENCY COMPANY (HONG KONG) LTD,"SML TOWER, 
165 HOI BUN ROAD,
KWUN TONG,
KOWLOON,
HONG KONG.",852,2723-6306,2723-3413,http://www.gac.com,hongkong@gac.com, FREIGHT FORWARDERS/LOGISTICS
H AND H CONSULTANTS & SURVEY LIMITED,"ON FUK IND. BLDG.,
NO. 41-45 KWAI FUNG CRESCENT,
KWAI CHUNG,
NEW TERRITORIES,
HONG KONG.",852,2439-9111,2439-6222,http://hench.com.hk,info@hench.com.hk, SURVEYORS
HAI FU MARINE ELECTRICAL & HARDWARE CO.,"HONG KONG INDUSTRIAL BLDG,
444-452 DES VOEUX ROAD WEST,
HONG KONG. ",852,2559-2527,2858-4064,,haifu@netvigator.com , MARINE SUPPLIERS (EQUIPMENT)
HAI LUEN TRADING CO. (HK) LTD.,"9 DES VOEUX RD WEST,
HONG KONG.",852,2545-0956,2815-0594,http://www.hailuen.com,hlstore@hailuen.com, MARINE SUPPLIERS (EQUIPMENT)
"HAIDA UNITED MARINE TECH-SERVICES CO.,LTD.","YARDLEY COMMERCIAL BUILDING,
3 CONNAUGHT ROAD WEST
HONG KONG.",852,"2526-1833
(852)",2537-6477,http://www.hdumarine.com,hdum.hk@hdumarine.com, SURVEYORS
HANNAFORD FORENSIC SERVICES (ASIA) LTD,"HOSEINEE HOUSE,
69 WYNDHAM STREET,
CENTRAL,
HONG KONG.",852,2458-0577,2548-0588,http://www.hfs-asia.com,hongkong@hfs-asia.com, MARITIME CONSULTANCY
HANSEN EXHIBITION FORWARDING LTD,"NEW COMMERCE CENTRE,
19 ON SUM STREET,
SIU LEK YUEN,
NEW TERRITORIES,
HONG KONG.",852,2367-2303,2369-0479,,info@hansenhk.com , FREIGHT FORWARDERS/LOGISTICS
HARBOUR CITY ESTATES LTD,"SOUTH TOWER,
WORLD FINANCE CENTRE HARBOUR CITY,
CANTON ROAD,
TSIM SHA TSUI,
KOWLOON,
HONG KONG.",852,2118-8668,2736-2481,http://www.oceanterminal.com.hk,operations@terminal.harbourcity.com.hk , CRUISE TERMINAL
HELLENBERG INTERNATIONAL LIMITED,"NO 9 QUEEN' S ROAD CENTRAL, 
HONG KONG.",852,3189-7634,3189-7689,http://www.hellenberg.org,office@hellenberg.org, MARITIME CONSULTANCY
HELMSMAN SUPPLY LIMITED,"HONG KONG PLAZA,188 CONNAUGHT ROAD WEST,HONG KONG.",852,2851-9292,2851-7799,http://www.helmsmansupply.com/,fix@helmsmansupply.com, BUNKERS
HEMPEL (CHINA) LTD.,"BEA TOWER,
MILLENNIUM CITY 5,
418 KWUN TONG ROAD,
KOWLOON,
HONG KONG.",852,2857-7663,2517-6311,http://www.hempel.com,dac@hempel.com, PAINTS & COATINGS
HENCH PUBLIC MARINE & CARGO SURVEY (H.K.) LTD.,"ON FUK IND. BLDG.,
NO. 41-45 KWAI FUNG CRESCENT,
KWAI CHUNG,
NEW TERRITORIES,
HONG KONG.",852,2439-9111,2439-6222,http://www.hench.com.hk,info@hench.com.hk, MARITIME CONSULTANCY
HILL DICKINSON HONG KONG,"LIPPO CENTRE,
89 QUEENSWAY,
ADMIRALTY,
HONG KONG.",852,2525-7525,2525-7526,http://www.laracyco.com,hkinquiries@hilldickinson.com., MARITIME LAW FIRMS
HOLMAN FENWICK WILLAN,"LIPPO CENTRE,
89 QUEENSWAY,
ADMIRALTY,
HONG KONG.",852,3983-7788,3983-7766,http://www.hfw.com,Holmans@hfw.com, MARITIME LAW FIRMS
HONEST OVERSEAS MARINE SERVICES LTD. ,"YUE FUNG INDUSTRIAL BUILDING,
35-45 CHAI WAN KOK STREET,
TSUEN WAN,
NEW TERRITORIES,
HONG KONG. ",852,3582-4338,3522-7262,http://www.homs-marine.com,operations@homs-marine.com, SURVEYORS
HONG KONG & KOWLOON MOTOR BOATS & TUG BOATS ASSOCIATION LTD,"MAN CHEONG BLDG,
FERRY POINT,
KOWLOON,
HONG KONG.",852,2384-1435,2780-8156,http://www.mbta.org.hk,info@mbta.org.hk, TRADE/SHIPPING ORGANIZATIONS
HONG KONG EXPORT CREDIT INSURANCE CORPORATION,"SOUTH SEAS CENTRE,
75 MODY ROAD,
TSIM SHA TSUI EAST,
KOWLOON,
HONG KONG.",852,2732-9988,2722-6277,http://www.hkecic.com,info@hkecic.com, TRADE/SHIPPING ORGANIZATIONS
HONG KONG PILOTS ASSOCIATION LTD,"HONG KONG PLAZA,188 CONNAUGHT ROAD WEST,HONG KONG.",OFFICE,"HOURS:
(852)","2803-0859
PILOT",,enquiry@hkpilots.com, PILOTS
"HONG KONG QIANHE SHIPPING (GROUP) CO., LTD.","SHUN TAK CENTRE,168-200 CONNAUGHT ROAD, CENTRAL,HONG KONG.",852,2548-1808,2548-1012,http://www.qianheshipping.com,sales@qianheshipping.com, OTHERS
HONG KONG SEA TRANSPORT AND LOGISTICS ASSOCIATION ,"PROFICIENT IND. CTR.,
6 WANG KWUN ROAD,
KOWLOON BAY,
HONG KONG.",852,2687-2633,2687-2733,http://www.hkstla.org,info@hkstla.org, TRADE/SHIPPING ORGANIZATIONS
HONG KONG SHIPPING GAZETTE,"EASTERN CENTRE,
1065 KING'S ROAD,
QUARRY BAY,
HONG KONG.",852,2880-9555,2563-0723,http://www.shippingazette.com,info@shippingazette.com, SHIPPING PUBLICATIONS
HONG KONG SHIPPING REGISTRY,"HARBOUR BLDG,
38 PIER ROAD,
CENTRAL,
HONG KONG.",852,2852-4387,2541-8842,../home.html,hksr@mardep.gov.hk, SHIPPING REGISTRIES
HONG KONG SHIPS' FUMIGATION CO. LTD.,"INTERNATIONAL TRADE CENTRE,
11-19 SHA TSUI RD,
TSUEN WAN,
NEW TERRITORIES,
HONG KONG.",852,2891-2730,2838-2149,http://www.hkshipsfumigation.com,info@hkshipsfumigation.com, OTHERS
"HONG KONG SHIPS SUPPLIES CO., LTD.","BONHAM TRADE CENTRE,
50 BONHAM STRAND,
SHEUNG WAN,
HONG KONG.",852,2522-1892,2868-1748,http://www.hkshipsupplies.com.hk,charts@hkshipsupplies.com.hk, MARINE SUPPLIERS (EQUIPMENT)
HONGKONG ASSOCIATION OF FREIGHT FORWARDING AND LOGISTICS LTD.,"CHINA HONG KONG CENTRE,
122-126 CANTON RD,
TSIM SHA TSUI,
KOWLOON,
HONG KONG.",852,2796-3121,2796-3719,http://www.haffa.com.hk,enquiry@haffa.com.hk, FREIGHT FORWARDERS/LOGISTICS
HONGKONG INTERNATIONAL TERMINALS LIMITED,"CONTAINER PORT ROAD SOUTH,
KWAI CHUNG,
HONG KONG. ",852,2619-7888,2480-4765,http://www.hit.com.hk,gca@hit.com.hk, CONTAINER TERMINALS
HONGKONG SALVAGE & TOWAGE,"HUD ADMINISTRATION BUILDING,
TYTL 108RP, 
SAI TSO WAN ROAD,
TSING YI,
NEW TERRITORIES,
HONG KONG.",852,2612-6800,2480-5894,http://www.hktug.com,hkst@hktug.com, TOWAGE & SALVAGE
HONGKONG STORAGE,"YEUNG YIU CHUNG (NO.6) INDUSTRIAL BUILDING,
19 CHEUNG SHUN STREET,
CHEUNG SHA WAN,
KOWLOON,
HONG KONG. ",852,2817-6486,null,http://www.hongkongstorage.com,info@hongkongstorage.com, GODOWNS & WAREHOUSES
HONGKONG UNITED DOCKYARDS LTD,"SAI TSO WAN RD,TSING YI ISLAND,NEW TERRITORIES,HONG KONG.",852,2431-2828,2433-0180,http://www.hud.com.hk,shiprepair@hud.com.hk, SHIPYARDS/SHIP REPAIRERS
HONOUR MARINE SAFETY EQUIPMENT CO LTD,"KINGSFORD IND. BLDG, PHASE 1,
26-32 KWAI HEI STREET,
KWAI CHUNG,
NEW TERRITORIES,
HONG KONG.",852,2819-8417,2819-8443,http://www.honourmarine.com,honourms@netvigator.com , MARINE SUPPLIERS (EQUIPMENT)
HOSANNA LOGISTICS LTD,"SHIU FUNG HONG BUILDING,239-241 WING LOK STREET,SHEUNG WAN,HONG KONG. ",852,2723-5188,"2723-7188
(852)",,info@hosanna-logistics.com.hk , FREIGHT FORWARDERS/LOGISTICS
HOULDER INSURANCE BROKERS FAR EAST LTD.,"CHINA MERCHANTS TOWER,
168-200 CONNAUGHT RD.,
CENTRAL,
HONG KONG. ",852,2890-5302,2577-7545,http://www.cmhoulder.com,hib@cmhoulder.com, MARITIME INSURANCE 
HOWSE WILLIAMS BOWERS,"ALEXANDRA HOUSE,
18 CHATER OAD,
CENTRAL,
HONG KONG.",852,2803-3688,2803-3608,http://www.hwbhk.com,chris.howse@hwbhk.com, MARITIME LAW FIRMS
HSING LOONG COMPANY LTD,"TEXACO ROAD,
SUITE 1012,
TSUEN WAN,
NEW TERRITORIES,
HONG KONG.",852,2545-0877,2815-1765,http://hsingloongroup.tripod.com,hsingloongroup@yahoo.com , FREIGHT FORWARDERS/LOGISTICS
ICF CONSULTING SERVICES HONG KONG LIMITED,"HENG SHAN CENTRE,
145 QUEEN'S ROAD EAST,
WANCHAI,
HONG KONG.",852,,2530-4302,http://www.icfi.com/markets/transportation/ports-and-logistics,hongkong@icfi.com, MARITIME CONSULTANCY
IFL SHIPPING (HK) LTD.,"NEW VENTURE CENTRE,NO. 18, LAM TIN STREET,KWAI CHUNG, NEW TERRITORIES,HONG KONG.",852,2787-7610,2787-2677,,inquiry@ifl.com.hk, FREIGHT FORWARDERS/LOGISTICS
IHS HONG KONG LIMITED,"NO. 1 CHATHAM ROAD SOUTH,
TSIM SHA TSUI, 
KOWLOON,
HONG KONG",852,2731-8919,2312-6792,http://www.ihsfairplay.com,Anthony.Lim@ihs.com, INFORMATION SYSTEM
IJIN MARINE LIMITED,"SAN TOI BUILDING,
139 CONNAUGHT ROAD CENTRAL,
HONG KONG",852,2139-3077,2139-3217,http://www.ijinmarine.net,sales@ijinmarine.com, SHIP MANAGEMENT
INCE & CO,"CITIBANK PLAZA,
3 GARDEN ROAD,
CENTRAL,
HONG KONG",852,2877-3221,2877-2633,http://www.incelaw.com,hkinfo@incelaw.com, MARITIME LAW FIRMS
INCHCAPE SHIPPING SERVICES (HK) LTD.,"ENTERPRISE SQUARE,
9 SHEUNG YUET ROAD,
KOWLOON BAY,
HONG KONG.",852,2746-7312,2744-3240,http://www.iss-shipping.com,ssdhk@iss-shipping.com , LOCAL SHIPPING AGENTS
INFRARED ENGINEERING AND CONSULTANTS LIMITED,"SUITE 1901, 19/F,
LUCKY CENTRE,
165-171 WANCHAI ROAD,
HONG KONG.",852,2550-2330,2550-1179,http://www.infrared.hk,info@infrared.hk, MARINE SUPPLIERS (EQUIPMENT)
INTERNATIONAL BUNKER SERVICES LIMITED,"SUN HUNG KAI CENTRE,
30 HARBOUR ROAD,
WAN CHAI,
HONG KONG.",852,2190-8888,2511-9211,http://www.ibskk.com,hk@ibskk.com, BUNKERS
INTERNATIONAL FREIGHT EXPRESS (H.K.) LTD,"YUEN FAT IND BLDG,
25 WANG CHIU RD,
KOWLOON BAY,
KOWLOON,
HONG KONG.",852,2331-4210,2707-0089,http://www.ifehkg.com,general@ifehkg.com, FREIGHT FORWARDERS/LOGISTICS
INTERNATIONAL PAINT (HONG KONG) LTD,"148 ELECTRIC RD,
NORTH POINT,
HONG KONG.",852,2508-7700,2827-9488,http://www.internationalpaint.com,spandau.chin@akzonobel.com, PAINTS & COATINGS
INTERNATIONAL SHIPPING AGENCIES LTD.,"ETON BUILDING,
288 DES VOEUX ROAD C.,
HONG KONG.",852,2543-8848,2815-3275,,shipreg@pg02.com, MARITIME CONSULTANCY
INTEROCEAN SHIPPING COMPANY LTD.,"HARBOUR COMM BLDG,
122 CONNAUGHT RD,
CENTRAL,
HONG KONG.",852,2541-2634,2541-6449,,info@interocean.com.hk, SHIPPING COMPANIES
INTERTEK TESTING SERVICES HONG KONG LTD,"GARMENT CENTRE,
576 CASTLE PEAK ROAD,
KOWLOON,
HONG KONG. ",852,2197-1838,2307-0373,http://www.intertek.com,gen.info@intertek.com, SURVEYORS
IRWIN MARINE SERVICES,"HUA CHIAO COMMERCIAL CENTRE,
678 NATHAN ROAD,
MONG KOK,
KOWLOON,
HONG KONG. ",852,"5128-3422
",null,http://www.irwin.com.hk,David.Schaus@irwin.com.hk, SHIPYARDS/SHIP REPAIRERS
ISM SHIPPING AGENT COMPANY,"KAI KWONG COMMERCIAL BUILDING,
332 LOCKHART ROAD,
WAN CHAI,
HONG KONG",852,"2802-2815
(852)",2802-2817,http://www.ismsac.com,ism@biznetvigator.com, LOCAL SHIPPING AGENTS
IWK SURVEY LIMITED,"WAH FAT INDUSTRIAL BUILDING,
10-14 KUNG YIP STREET,
KWAI CHUNG, 
NEW TERRITORIES,
HONG KONG.",852,2610-0224,2610-0453,,survey@iwk.com.hk, SURVEYORS
J & H SURVEYING CO. LTD. ,"CMA BUILDING,
64-66 CONNAUGHT ROAD, 
CENTRAL,
HONG KONG.",852,2519-6120,2519-3550,,wsk@jandhsurvey.com, SURVEYORS
J. D. WORT & CO. LTD,"CAUSEWAY CENTRE,
28 HARBOUR ROAD,
WAN CHAI,
HONG KONG. ",852,2802-1019,2827-2355,,jdwco@netvigator.com, MARITIME CONSULTANCY
"J. R. TEIHCSON & MANAGEMENT CO., LTD.","KINGSWELL COMMERCIAL TOWER,
173 LOCKHART ROAD,
WAN CHAI,
HONG KONG.",852,2586-1016,2586-1067,,null, SHIP MANAGEMENT
JADE SHIP MANAGEMENT LIMITED,"ASIA TRADE CENTRE,
79 LEI MUK ROAD,
KWAI CHUNG,
NEW TERRITORIES,
HONG KONG.",852,"2427-9361
(852)",2427-9368,http://www.jade-shipmanagement.com,info@jade-shipmanagement.com, MARITIME CONSULTANCY
JANCO INTERNATIONAL FREIGHT LTD.,"MANULIFE FINANCIAL CENTRE,
223 WAI YIP STREET,
KWUN TONG,
KOWLOON,
HONG KONG.",852,2575-7883,2575-8609,http://www.jancofreight.com,hkg@jancofreight.com, FREIGHT FORWARDERS/LOGISTICS
JARDINE LLOYD THOMPSON LTD.,"CITYPLAZA FOUR,
12 TAIKOO WAN ROAD,
TAIKOO SHING,
ISLAND EAST,
HONG KONG.",852,2864-5333,2161-0135,http://www.jltasia.com,lbib@lambertbrothers.com.hk, MARITIME INSURANCE 
JARDINE SHIPPING SERVICES,"JARDINE SHIPPING SERVICES 
GROUP HEAD OFFICE
18/F.
TOWER TWO,
EVER GAIN PLAZA,
88 CONTAINER PORT ROAD,
KWAI CHUNG,
HONG KONG.",852,2418-3398,2960-1709,http://www.jardine-shipping.com,enquiries@jardine-shipping.com, SHIPPING COMPANIES
JOTUN COSCO MARINE COATINGS (HK) LIMITED,"101 KING'S ROAD,
NORTH POINT,
HONG KONG.",852,2527-6466,2861-1307,http://www.jotun.com,customer.service.hongkong@jotun.com, PAINTS & COATINGS
JOY FORTUNE SHIPPING & SERVICE HK LIMITED,"ONE MIDTOWN,
11 HOI SHING ROAD,
TSUEN WAN,
NEW TERRITORIES,
HONG KONG.",852,null,2311-4822,,hongkong@joyfortune.com.hk, FREIGHT FORWARDERS/LOGISTICS
KAY LEUNG COMPANY LIMITED,"UNIT 2214,
TECHNOLOGY PARK,
18 ON LAI STREET,
SHA TIN,
HONG KONG.",852,2543-3308,2815-2823,,kay@kayleung.com.hk, SURVEYORS
KCC CORPORATION ,"EMPEROR GROUP CENTRE,
288 HENNESSY ROAD,
WANCHAI,
HONG KONG.",852,2577-0343,2577/0838,http://www.kccworld.co.kr,"omcd@kccworld.co.kr
mpmd@kccworld.co.kr", PAINTS & COATINGS
KEE MARINE SERVICE & CONSULTANT LTD.,"235 WING LOK STREET TRADE CENTRE,
235 WING LOK STREET,
SHEUNG WAN,
HONG KONG",852,"2116-1663
(852)",2851-6379,http://www.keemarine.com,info@keemarine.com , MARITIME CONSULTANCY
"KEESAL, YOUNG & LOGAN, LLP","SUITE 1603,
299 QUEEN'S ROAD CENTRAL,
HONG KONG.",852,2854-1718,2541-6189,http://www.kyl.com,jzinke@kyl.com.hk , MARITIME LAW FIRMS
KEMKLEN TECHNICAL SERVICES LTD.,"SHOP NO.8, G/FL., 
BLOCK B,
VIGOR IND. BLDG.,
14-20 CHEUNG TAT ROAD,
TSING YI ISLAND,
NEW TERRITORIES,
HONG KONG.",852,2861-2812,2861-1168,http://www.turbokts.com,ktssales@turbokts.com, SHIPYARDS/SHIP REPAIRERS
KESCO SCM (HK) LIMITED,"CHINA UNITED PLAZA,
1008 TAI NAN WEST STREET,
CHEUNG SHA WAN,
KOWLOON,
HONG KONG.",852,2759-6921,2798-0924,http://www.kescologistics.com,"kesco@kescohkg.com
rc@kescohkg.com", FREIGHT FORWARDERS/LOGISTICS
KINGBEST SHIPPING LTD.,"WING CHEONG COMMERCIAL BLDG.,
NO. 19-25 JERVOIS STREET,
SHEUNG WAN,
HONG KONG.",852,2815-2285,2815-8955,,general@kingbest.com.hk, LOCAL SHIPPING AGENTS
KINGSTAR SHIPPING LIMITED,"SUITE NO. 906, 9/F,
EXCHANGE TOWER,
33 WANG CHIU ROAD,
KOWLOON BAY,
KOWLOON,
HONG KONG.",852,2576-2611,2576-3043,,kingstar@kingstarship.com, SHIP MANAGEMENT
KINGSWAY LOGISTICS COMPANY LIMITED,"GOLDEN DRAGON INDUSTRIAL CENTRE,
NO.152-160,
TAI LIN PAI ROAD,
KWAI CHUNG,
NEW TERRITORIES,
HONG KONG.",852,3679-3355,3622-2724,http://www.kw-log.com,sales@kw-log.com, FREIGHT FORWARDERS/LOGISTICS
KONG HING AGENCY LIMITED,"COSCO TOWER,183 QUEEN'S RD,CENTRAL,HONG KONG.",852,2534-3700,2534-3754,http://www.konghing.com.hk,ops@konghing.com.hk , LOCAL SHIPPING AGENTS
"K-POWER MARINE GROUP CO., LTD","NO. 9 DES VOEUX RD WEST,
HONG KONG.",852,3913-3000,2858-3102,http://www.facebook.com/kpowermarinegroup?ref=aymt_homepage_panel,kwok_cp@cheungkeemarine.com, MID-STREAM OPERATORS
KRISTIAN JEBSENS LTD,"QUALIPAK TOWER,
122 CONNAUGHT ROAD WEST,
HONG KONG.",852,2861-0068,2520-6785,http://home.netvigator.com/~krisjeb,genenq@krisjeb-ffl.com, LOCAL SHIPPING AGENTS
KUSA SHIPPING LTD,"LUNG MA BLDG,
550-552 NATHAN RD,
KOWLOON,
HONG KONG.",852,2323-1384,3007-3229,http://www.kusa.com.hk,info@kusa.com.hk, FREIGHT FORWARDERS/LOGISTICS
"KWAI KONG SHIPPING CO, LTD.","WAYSON COMM BLDG,28 CONNAUGHT RD WEST,HONG KONG.",852,2548-0100,2559-2926,,null, SHIPPING COMPANIES
LAISSEZ FAIRE CO,"SINO CENTRE,
582-592 NATHAN RD,
KOWLOON,
HONG KONG.",852,"2770-8066
(852)",2782-5366,http://www.laissezfaire.com.hk/,info@laissezfaire.imsbiz.com.hk, PASSENGER FERRY SERVICES
LANGTON SHIP MANGAGEMENT LTD,"CONNAUGHT ROAD WEST, SAI YING POON,HONG KONG.",852,2153-9400,2155-1911,http://www.langtonshipping.com,laxman@langtonshipping.com, SHIP MANAGEMENT
LAPTON FREIGHT INTERNATIONAL LTD.,"HK INDUSTRIAL CENTRE,
489-491 CASTLE PEAK ROAD
KOWLOON,
HONG KONG. ",852,2789-1128,2789-2860,http://www.lapton-freight.com.hk,rayngan@lapton-freight.com.hk, FREIGHT FORWARDERS/LOGISTICS
LEUNG WAN KEE SHIPYARD LIMITED,"TAM KON SHAN RD,TYTL 102,NGAU KOK WAN,NORTH TSING YI,NEW TERRITORIES,HONG KONG.",852,2495-1103,2433-0119,,eng@leungwankee.com.hk, SHIPYARDS/SHIP REPAIRERS
LINCON MARINE SUPPLY SERVICE LIMITED,"MING FAT INDUSTRIAL CENTRE,
1 KIN FAT STREET,
TUEN MUN,
HONG KONG. ",852,2462-7998,2467-5114,http://www.linconsupply.com,info@linconsupply.com, MARINE SUPPLIERS (EQUIPMENT)
LITTLEWOODS,"HANG SENG MONGKOK BLDG,
677 NATHAN ROAD,
KOWLOON,
HONG KONG.",852,2397-3354,2390-3354,http://www.littlewoodshk.com,blittle@netvigator.com, MARITIME LAW FIRMS
LOCKTON COMPANIES (HONG KONG) LTD,"TAIKOO PLACE, 
979 KING'S ROAD,
ISLAND EAST,
HONG KONG.",852,2250-2896,2250-2838,http://www.lockton-asia.com,irene.tong@asia.lockton.com, MARITIME INSURANCE 
LOGWIN AIR & OCEAN FAR EAST LTD,"SKYLINE TOWER, 
39 WANG KWONG ROAD,
KOWLOON BAY,
HONG KONG.",852,2827-8318,3190-2101,http://www.logwin-logistics.com,friendly.yuen@logwin-logistics.com, FREIGHT FORWARDERS/LOGISTICS
LONDON OFFSHORE CONSULTANTS (HONG KONG) LTD,"NEW VENTURE CENTRE,NO. 18, LAM TIN STREET,KWAI CHUNG, NEW TERRITORIES,HONG KONG.",852,2851-3028,2851-3330,http://www.loc-group.com,hongkong@loc-group.com, MARITIME CONSULTANCY
LUBECA MARINE AGENCY (HK) LTD,"FOO CHEONG BUILDING,
82-86 WING LOK STREET,
SHEUNG WAN,
HONG KONG.",852,2810-0600,2537-1734,http://www.lubeca-hk.com,lubeca@netvigator.com , LOCAL SHIPPING AGENTS
"LUEN HING SHIPPING CO, LTD","MAN CHEONG BUILDING,
MAN CHEONG ST,
FERRY POINT,
KOWLOON,
HONG KONG.",852,2388-0606,2710-9115,http://www.lhs.hk,null, SHIPPING COMPANIES
M L P MARINE SERVICES LTD,"FAT LEE INDUSTRIAL BUILDING,
17 HUNG TO ROAD,
KWUN TONG, 
KOWLOON,
HONG KONG.",852,2851-3328,2543-5813,,mlpma@biznetvigator.com, MARITIME CONSULTANCY
MAN SANG (CHINA) CO. LTD.,"PROFIT INDUSTRIAL BUILDING,
1-15 KWAI FUNG CRESCENT,
KWAI CHUNG,
NEW TERRITORIES,
HONG KONG.",852,2858-9622,2858-9569,http://www.mansangco.com,hk@mansangco.com, MARINE SUPPLIERS (EQUIPMENT)
MANIFEST MARKETING LTD.,"SHUN FENG INTERNATIONAL CENTRE,
182 QUEEN'S ROAD EAST,
WAN CHAI,
HONG KONG.",852,2869-5065,2657-0312,http://www.manifest-hk.com,info@manifest-hk.com, MARINE SUPPLIERS (EQUIPMENT)
MARINA CONTAINER LINES (HK) LTD,"TUNG HIP COMM. BLDG.,
244-252, 
DES VOEUX ROAD CENTRAL,
HONG KONG.",852,2369-7613,2377-3638,http://www.mclhkg.com.hk,ericmswong@mclhkg.com.hk, FREIGHT FORWARDERS/LOGISTICS
MARINASIA LIMITED,"MAI HING IND. BLDG.,
16-18 HING YIP STREET,
KWUN TONG,
KOWLOON,
HONG KONG.",852,2541-5882,2541-3060,http://www.marinasia.com.hk/,admin@marinasia.com.hk, SURVEYORS
MARINE SURVEYS & ENGINEERING SERVICES LTD,"CENTRAL PLAZA,18 HARBOUR ROAD,WAN CHAI,HONG KONG",852,9388-6475,2661-6116,http://www.mseshk.com,mses@fastmail.fm, SURVEYORS
MARITIME SERVICES (HK) CO LTD,"HANG LUNG HOUSE,
184-192, QUEEN'S RD,
CENTRAL,
HONG KONG.",852,2851-0266,2542-2788,http://www.mscohk.com,msco@netvigator.com, MARITIME CONSULTANCY
MARLAND BOAT SERVICE LTD.,"FORTRESS TOWER,
250 KING'S ROAD,
NORTH POINT,
HONG KONG.",852,2571-9322,2806-1075,http://www.mbshk.net,boatservice@marland.com.hk, MARINE SUPPLIERS (EQUIPMENT)
MARLAND TECHNICAL SERVICES LTD.,"FORTRESS TOWER,
250 KING'S ROAD,
NORTH POINT,
HONG KONG.",852,2571-9322,2806-1075,http://www.marland.com.hk,boatservice@marland.com.hk, SHIPYARDS/SHIP REPAIRERS
MARLOW SHIPMANAGEMENT (HK) LTD,"PACIFIC PLAZA,
410 DES VOEUX ROAD WEST,
HONG KONG.",852,2866-1314,2866-2792,http://www.marlow.com.hk,marlow@marlow.com.hk, SHIP MANAGEMENT
MARSCO HEXOL INTERNATIONAL LTD,"YU SUNG BOON BUILDING,
107 - 111 DEO VOEUX ROAD,
CENTRAL,
HONG KONG.",852,2527-3380,2520-1526,http://www.kittiwake.com,hokcfrancis@gmail.com, MARINE SUPPLIERS (EQUIPMENT)
MARSH (HONG KONG) LTD,"CENTRAL PLAZA,18 HARBOUR ROAD,WAN CHAI,HONG KONG",852,2301-7000,2513-7135,http://www.marsh.com,Charles.kh.chow@marsh.com, MARITIME INSURANCE 
MAYER BROWN JSM,"PRINCE'S BUILDING,
10 CHATER ROAD,
CENTRAL,
HONG KONG.",852,2843-2211,2845-9121,http://www.mayerbrownjsm.com,hongkong.office@mayerbrownjsm.com, MARITIME LAW FIRMS
MC EXPRESS INT'L (HK) LTD.,"KWAI SHUN IND. CTR.,51-63 CONTAINER PORT ROAD,KWAI CHUNG,NEW TERRITORIES,HONG KONG",852,3590-5330,3590-5332,,cs@mcexpress.com.hk, FREIGHT FORWARDERS/LOGISTICS
MCW INTERNATIONAL SURVEYORS LTD.,"FOOK YIP BUILDING,NO. 53-57, KWAI FUNG CRESCENT,KWAI CHUNG,NEW TERRITORIES,HONG KONG.",852,2410-0911,2424-3143,http://www.mcwhk.com,mcw@mcwhk.com, SURVEYORS
MCW MARINE SERVICES LIMITED,"FOOK YIP BUILDING,NO. 53-57, KWAI FUNG CRESCENT,KWAI CHUNG,NEW TERRITORIES,HONG KONG.",852,2410-0911,2424-3143,,frankie@mcwhk.com, LOCAL SHIPPING AGENTS
MODERN TERMINALS LIMITED,"BERTH ONE,
KWAI CHUNG,
HONG KONG.",852,2115-3838,2115-3962,http://www.ModernTerminals.com,cad@ModernTerminals.com, CONTAINER TERMINALS
MOON KEUNG SHIPPING & TRANSPORTATION CO. LTD.,"HONG KONG PLAZA,188 CONNAUGHT ROAD WEST,HONG KONG.",852,2559-6253,2540-7712,,mkltd@hkstar.com, SHIPPING COMPANIES
MUTIARA PINEWOOD LTD,"AMTEL BUILDING,148 DES VOEUX RD,CENTRAL,HONG KONG.",852,2517-0308,2517-0615,,pinewood@on-nets.com, FREIGHT FORWARDERS/LOGISTICS
NAUTISK FORLAG HONG KONG PTE LTD,"HONG KONG AND MACAU BUILDING. 
156-157 CONNAUGHT ROAD CENTRAL
SHEUNG WAN,
HONG KONG.",852,2545-4877,2545-4188,http://nautisk.com/,hongkong@nautisk.com, MARINE SUPPLIERS (EQUIPMENT)
NEPA SHIPPING,"CONNAUGHT ROAD WEST, SAI YING POON,HONG KONG.",852,2877-9009,2877-9222,http://www.nepashipping.biz/,projects@nepa.com.hk, SHIPPING COMPANIES
NIPPON KAIJI KENTEI KYOKAI HONG KONG OFFICE,"GOLDEN SUN CENTRE,
59-67 BONHAM STRAND WEST,
SHEUNG WAN,
HONG KONG. ",852,"2807-0617
(852)",2807-1327,http://www.nkkk.or.jp,vivianli@nkkk.com.hk, SURVEYORS
NIPPON KAIJI KYOKAI,"SHUN TAK CENTRE,168-200 CONNAUGHT ROAD, CENTRAL,HONG KONG.",852,2517-7023,2857-7401,http://www.classnk.or.jp,hn@classnk.or.jp, CLASSIFICATION SOCIETIES
NISKO WAREHOUSE LTD,"ATL LOGISTICS CENTRE A,
BERTH 3,
KWAI CHUNG,
NEW TERRITORIES,
HONG KONG",852,2699-3268,2695-1302,http://www.nisko.com,warehouse@nisko.com, GODOWNS & WAREHOUSES
NORTHROP GRUMMAN SPERRY MARINE ASIA INC.,"69 JERVOIS STREET,
SHEUNG WAN,
HONG KONG.",852,2581-9122,2851-9967,http://www.sperrymarine.com,edison.triguero@sperry.ngc.com , MARINE SUPPLIERS (EQUIPMENT)
NORTHSTAR SHIP MANAGEMENT LTD.,"CHINAWELL CENTRE,
414-424 JAFFE ROAD,
HONG KONG.",852,2838-5900,2838-5510,http://www.nsshipmgt.com/,common@nsshipmgt.com, SHIP MANAGEMENT
NORTON ROSE FULBRIGHT,"JARDINE HOUSE,
1 CONNAUGHT PLACE,
CENTRAL,
HONG KONG.",852,3405-2300,2523-6399,http://www.nortonrosefulbright.com,davide.barzilai@nortonrosefulbright.com, MARITIME LAW FIRMS
"NS UNITED SHIPPING (H.K.) CO., LTD.","SHUI ON CENTRE,6-8 HARBOUR RD,WAN CHAI,HONG KONG.",852,2110-1228,2370-9781,,hongkong@nsuship.com.hk, LOCAL SHIPPING AGENTS
NYK LINE (HK) LTD,"KOWLOON COMMERCE CENTRE,
51 KWAI CHEONG ROAD,
KWAI CHUNG,
NEW TERRITORIES,
HONG KONG.",852,2864-5100,2865-1925,http://www.hk.nykline.com,hkg_opcon@hk.nykline.com, SHIPPING COMPANIES
O.W. BUNKER CHINA LTD.,"SHUI ON CENTRE,6-8 HARBOUR RD,WAN CHAI,HONG KONG.",852,3758,2866-9590,http://www.owbunker.com,owbchina@owbunker.com.hk , BUNKERS
OAK MARITIME (HONG KONG) INC. LIMITED,"AXA CENTRE,
151 GLOUCESTER ROAD,
WAN CHAI,
HONG KONG.",852,2506-3866,2506-3563,,null, SHIP MANAGEMENT
OCEAN BASE CO. LTD,"WING HING COMMERCIAL BUILDING,
139-143 WING LOK STREET,
SHEUNG WAN,
HONG KONG.",852,2815-8989,2815-8800,,obasehkg@netvigator.com, LOCAL SHIPPING AGENTS
OCEAN CREW SERVICING CO. LTD.,"BEST-O-BEST COMMERCIAL BUILDING,
NO. 32-36 FERRY STREET,
KOWLOON,
HONG KONG.",852,2780-5998,2780-5981,,ocscl@oceancrew.com.hk, LOCAL SHIPPING AGENTS
OCEAN LONGEVITY SHIPPING & MANAGEMENT CO. LTD,"TWO INTERNATIONAL FINANCE CENTRE,
8 FINANCE STREET,
CENTRAL,
HONG KONG.",852,2858-8818,2858-8733,,"vessel@oceanlongevity.com.hk
crew@oceanlongevity.com.hk", SHIP MANAGEMENT
"OCEANUS MARITIME CO., LTD","TUNG WAI COMMERCIAL BUILD,
109-111 GLOUCESTER ROAD,
WAN CHAI,
HONG KONG.",852,2870-0744,2870-0644,http://www.oceanus-hk.com,ops@oceanus-hk.com, LOCAL SHIPPING AGENTS
OIL SHIPPING,"HARCOURT HOUSE, 39 GLOUCESTER ROAD,WAN CHAI, HONG KONG.",852,3476-5001,2865-1700,http://www.wfscorp.com,oshk@wfscorp.com, BUNKERS
OMIC (HONG KONG) LTD ,"PROFIT IND. BLDG.,
1-15 KWAI FUNG CRESCENT,
KWAI CHUNG,
NEW TERRITORIES,
HONG KONG.",852,"2424-4008
(852)",2480-4638,http://www.omicnet.com/index.html.en,general@omic.com.hk, SURVEYORS
ON BOARD MARINE GROUP LTD.,"E-TAT FACTORY BUILDING,
4 HEUNG YIP ROAD,
WONG CHUK HANG,
HONG KONG.",852,2552-6568,null,http://www.obmghk.com/,info@obmghk.com, MARINE SUPPLIERS (EQUIPMENT)
ONC LAWYERS,"THE BANK OF EAST ASIA BUILDING,
10 DES VOEUX ROAD CENTRAL,
HONG KONG",852,2810-1212,2804-6311,http://www.onc.hk,shipping@onc.hk, MARITIME LAW FIRMS
OOCL LOGISTICS (HONG KONG) LTD,"ONE HARBOUR SQUARE,
181 HOI BUN ROAD,
KWUN TONG,
KOWLOON,
HONG KONG.",852,2371-8288,null,http://www.oocllogistics.com,carrie.poon@oocllogistics.com," CONTAINERIZED FREIGHT SERVICES, FREIGHT FORWARDERS/LOGISTICS"
ORIENTAL AIR TRANSPORT SERVICE LTD,"UNITED OVERSEAS PLAZA,
11 LAI YIP STREET,
KWUN TONG,
KOWLOON,
HONG KONG. ",852,2363-9265,2422-2671,http://www.orientalair.com,orientalair.hkg@orientalair.com, FREIGHT FORWARDERS/LOGISTICS
ORIX ASIA LTD,"UNITED CENTRE,95 QUEENSWAY,HONG KONG.",852,2862-9268,2527-9688,http://www.orix.com.hk,enquiry@orix.com.hk , BANKS (SHIPPING FINANCE)
PACIFIC BASIN SHIPPING LIMITED,"HUTCHISON HOUSE,
10 HARCOURT ROAD,
CENTRAL,
HONG KONG.",852,2233-7000,2807-3351,http://www.pacificbasin.com,info@pacificbasin.com, SHIPPING COMPANIES
PACIFIC INTERNATIONAL LINES (HK) LTD.,"FORTIS BANK TOWER,
77 GLOUCESTER RD,
WAN CHAI,
HONG KONG.",852,2876-5595,2876-5589,http://www.pilship.com,ops@hkg.pilship.com, SHIPPING COMPANIES
PACMARINE SERVICES (HK) LTD,"FWD FINANCIAL CENTER,
308 DES VOEUX ROAD CENTRAL,
SHEUNG WAN,
HONG KONG.",852,2545-0888,25719462,http://www.pacmarine.com,hongkong@pacmarine.com, MARITIME CONSULTANCY
PALFINGER MARINE HONG KONG LTD,"ADMIRALTY CENTRE,
TOWER 2,
18 HARCOURT ROAD,
ADMIRALTY,
HONG KONG. ",852,3975-3046,3975-3000,http://www.palfingermarine.com,timothy.lau@palfingermarine.com, MARINE SUPPLIERS (EQUIPMENT)
PAN WORLD SHIPPING CO.,"ONE MIDTOWN,
11 HOI SHING ROAD,
TSUEN WAN,
NEW TERRITORIES,
HONG KONG.",852,2891-1292,2575-8817,http://www.panworld.com.hk,administrator@panworld.com.hk, FREIGHT FORWARDERS/LOGISTICS
PANAMA SHIPPING CONSULTANTS INC.,"ETON BUILDING,
288 DES VOEUX ROAD C.,
HONG KONG.",852,2543-8848,2815-3275,,shipreg@pg02.com, MARITIME CONSULTANCY
PANDA LOGISTICS LTD.,"PROFIT INDUSTRIAL BUILDING,
1-15 KWAI FUNG CRESCENT,
KWAI CHUNG,
NEW TERRITORIES,
HONG KONG.",852,3101-6888,3101-6988,http://www.pandahk.com,panda@pandahk.com, LOCAL SHIPPING AGENTS
PARAKOU SHIPPING LTD.,"SHUN TAK CENTRE,168-200 CONNAUGHT ROAD, CENTRAL,HONG KONG.",852,2545-8989,2545-8787,http://www.parakougroup.com,opn@parakougroup.com, SHIPPING COMPANIES
PARK EXPRESS LOGISTICS LIMITED,"WONG'S BUILDING,
33 HUNG TO ROAD,
KWUN TONG,
KOWLOON,
HONG KONG. ",852,2798-6868,2796-4358,http://www.parkexpress.com,sales@parkexpress.com, FREIGHT FORWARDERS/LOGISTICS
PENAVICO (HONG KONG) LIMITED,"COSCO TOWER,183 QUEEN'S RD,CENTRAL,HONG KONG.",852,"2135-2112
(852)",2549-8622,http://www.cosco.com.hk,"chankh@penavico.com.hk
ourc@penavico.com.hk", LOCAL SHIPPING AGENTS
PETER Y. C. NG & ASSOCIATES LTD.,"GOLDEN STAR BUILDING,
20-24 LOCKHART ROAD,
WAN CHAI, 
HONG KONG.",852,"2528-4018
(852)",2861-2478,,survey@peterngco.newtthk.com, SURVEYORS
PETERSON FAR EAST LTD,"YUE THAI COMMERCIAL BLDG,
128 CONNAUGHT RD CENTRAL,
SHEUNG WAN,
HONG KONG.",852,2396-7186,2396-5434,http://www.controlunion.com,peterson.fe@attglobal.net , SURVEYORS
PETROCHEM & MARINE SERVICES HONG KONG LTD,"TECHNOLOGY PLAZA,
29-35 SHA TSUI ROAD,
TSUEN WAN,
NEW TERRITORIES,
HONG KONG.",852,2402-9010,2492-3786,http://home.netvigator.com/~pmshkltd,info@pmshk.corp.com.hk, SURVEYORS
PETROLINK ENERGY LIMITED,"ONE ISLAND SOUTH,
2 HEUNG YIP ROAD,
WONG CHUK HANG,
HONG KONG.",852,2832-9013,2832-9007,http://www.ship.com.hk,hkops@ship.com.hk, BUNKERS
PIERCEY MARINE LIMITED,"93 CHE KENG TUK ROAD,
SAI KUNG,
NEW TERRITORIES,
HONG KONG.",852,2791-4106,2791-4124,http://www.pierceymarine.com,info@pierceymarine.com, MARINE SUPPLIERS (EQUIPMENT)
PPG PERFORMANCE COATINGS (HONG KONG) LIMITED,"CITYPLAZA ONE,
1111 KING'S ROAD,
TAI KOO SHING,
HONG KONG.",852,2545-2821,2544-6109,http://www.ppgpmc.com,sigma.hongkong@ppg.com, PAINTS & COATINGS
PRIME LINE INTERNATIONAL LTD,"MOW HING FACTORY BUILDING,
205 WAI YIP STREET,
KWUN TONG,
KOWLOON,
HONG KONG.",852,2529-7327,2343-6327,,primeline@primeline.com.hk , FREIGHT FORWARDERS/LOGISTICS
PROMAT (HK) LTD,"NEW TREND CENTRE,
704 PRINCE EDWARD ROAD EAST,
SAN PO KONG,
KOWLOON,
HONG KONG.",852,2661-2392,2661-2086,http://www.promat.hk,info@promat.hk , MARINE SUPPLIERS (EQUIPMENT)
PROSPERITY STEAMSHIP CO. LTD,"TAI FAT BLDG.,
43 KO SHING ST.,
SHEUNG WAN,
HONG KONG.",852,2858-2218,2858-3386,,shipmails@prosperity.hk, SHIP MANAGEMENT
PT INDOFUELS LIMITED,"KINGSFIELD CENTRE,
18 SHELL STREET,
NORTH POINT,
HONG KONG.",852,3188-9879,3188-9723,http://www.indofuels.com,sales@indofuels.com, BUNKERS
RADIO HOLLAND HONG KONG COMPANY LIMITED,"ONE MIDTOWN,
11 HOI SHING ROAD,
TSUEN WAN,
NEW TERRITORIES,
HONG KONG.",852,2423-9007,2420-9284,http://www.imtechmarine.com,info.hongkong@imtechmarine.com, MARINE SUPPLIERS (EQUIPMENT)
RAY GLORY SHIPPING LTD,"TUNG CHE COMMERCIAL CENTRE,
246 DES VOEUX ROAD WEST,
HONG KONG. ",852,2857-2918,2857-2418,http://www.rayglory.com.hk/,rayli@rayglory.com.hk , LOCAL SHIPPING AGENTS
REED SMITH RICHARDS BUTLER,"ALEXANDRA HOUSE,
18 CHATER OAD,
CENTRAL,
HONG KONG.",852,2810-8008,2810-1607,http://www.reedsmith.com,Law-HK@Reedsmith.com, MARITIME LAW FIRMS
REGAL WORLDWIDE LOGISTICS LTD.,"PO HONG CENTRE,
2 WANG TUNG STREET,
KOWLOON BAY, KOWLOON,
HONG KONG.",852,2368-8868,2368-8789,,"info@regalworldwide.net
rwlops01@regalworldwide.net", FREIGHT FORWARDERS/LOGISTICS
REGIONAL CONTAINER LINES (H.K.) LTD.,"NO. 9 DES VOEUX RD WEST,
HONG KONG.",852,2526-3318,"2537-5463
(852)",,rclhkg@rclgroup.com , SHIPPING COMPANIES
RENFORD MARINE EQUIPMENT CHINA LTD,"LAWS COMMERCIAL PLAZA,788 CHEUNG SHA WAN ROAD,LAI CHI KOK,KOWLOON,HONG KONG.",852,2742-7111,2742-7171,,info@renford.com, MARINE SUPPLIERS (EQUIPMENT)
RIVER TRADE TERMINAL CO. LTD.,"TERMINAL OFFICE BUILDING,
201 LUNG MUN ROAD,
TUEN MUN,
NEW TERRITORIES,
HONG KONG.",852,2122,2122,http://www.rttc.com.hk,corp_com@rttc.com.hk, CONTAINER TERMINALS
ROLLS-ROYCE MARINE HONG KONG LIMITED,"WING YIP STREET,
KWAI CHUNG,
NEW TERRITORIES,
HONG KONG.",852,2418-4868,2868-5344,http://www.rolls-royce.com,timothy.lau@rolls-royce.com, MARINE SUPPLIERS (EQUIPMENT)
S5 ASIA LIMITED,"EVER GAIN PLAZA,
88 CONTAINER PORT ROAD,
KWAI CHUNG, 
NEW TERRITORIES,
HONG KONG",852,2418-3398,2427-9598,http://www.s5asia.com,enquiries.hongkong@s-5.org, LOCAL SHIPPING AGENTS
SAFE LINK INTERNATIONAL LOGISTICS LTD,"HONG KONG PLAZA,188 CONNAUGHT ROAD WEST,HONG KONG.",852,3568-6383,3568-6183,http://www.safe-link.hk,sales@safe-link.hk, FREIGHT FORWARDERS/LOGISTICS
SAIL WIN LOGISTICS LIMITED,"WANG FU BLDG.,
5-7 CHATHAM COURT,
TSIM SHA TSUI,
KOWLOON,
HONG KONG.",852,2302-1360,2302-1348,http://www.sailwin.com.hk,carson@sailwin.com.hk, FREIGHT FORWARDERS/LOGISTICS
SALES CIRCLE LIMITED,"HUNG TO CENTRE,
94-96 HOW MING STREET,
KWUN TONG,
HONG KONG.",852,3152-7091,2807-1502,http://www.salescircle.com.hk,info@salescircle.com.hk, PAINTS & COATINGS
SAN LIAN SHIPPING CO LTD,"NGAN HOUSE,
206-210 DES VOEUX RD. CENTRAL,
SHEUNG WAN,
HONG KONG.",852,2545-0885,2542-0731,,sanlian@biznetvigator.com, LOCAL SHIPPING AGENTS
"SAN TAI DISTRIBUTION CO, LTD","ALLIED CARGO CENTRE,
150-160 TEXACO RD,
TSUEN WAN,
NEW TERRITORIES,
HONG KONG.
[FREIGHT FORWARDERS/LOGISTICS]
8/F,
ALLIED CARGO CENTRE,
150-160 TEXACO RD,
TSUEN WAN,
NEW TERRITORIES,
HONG KONG. ",852,2408-0282,"2408-0362
(852)",http://www.santai.com.hk,std@santai.com.hk, FREIGHT FORWARDERS/LOGISTICS
SCANDIC CARGO SURVEY CO.,"KAM DAT HOUSE,
KAM YING HOUSE,
MA ON SHAN,
SHATIN, N.T.,
HONG KONG.",852,9331-2390,null,,avis.cheung@mail.com, SURVEYORS
SCHULTE MARINE CONCEPT( HK) LTD.,"K WAH CENTRE,191 JAVA ROAD,NORTH POINT,HONG KONG.",852,2597-1345,2561-8803,http://www.schultemarineconcept.com,management@schultemarineconcept.com, MARITIME CONSULTANCY
SCMO,"CAPITOL CENTRE,
5-19 JARDINE'S BAZAAR,
CAUSEWAY BAY,
HONG KONG.",852,2866-3139,2866-2290,http://www.scmo.net,info@scmo.net, MARITIME CONSULTANCY
SEA HUB TRADING (HK) LTD,"ALLIED KAJIMA BLDG.,
138 GLOUCESTER ROAD,
WAN CHAI,
HONG KONG.",852,2511-1366,2511-1383,http://www.seahubenergy.com,operations@hk.sea-hub.com, BUNKERS
SEA TRADER INTERNATIONAL LTD.,"CHINACHEM CENTURY TOWER,
178 GLOUCESTER ROAD,
WAN CHAI,
HONG KONG.",852,2838-6797,2838-6170,http://www.seatraderhk.com,bunkers@seatrader.hk , BUNKERS
SEASAFE MARINE LTD,"WARWICK HSE EAST,TAIKOO PLACE,979 KING'S ROAD,QUARRY BAY,HONG KONG.",852,2876-8888,2876-1888,http://www.seasafemarine.com,ssm.general@seasafemarine.com, MARINE SUPPLIERS (EQUIPMENT)
SEASCOPE INSURANCE SERVICES (HONG KONG) LIMITED,"WORLD TRADE CENTRE,
280 GLOUCESTER ROAD,
CAUSEWAY BAY,
HONG KONG. ",852,2283-0822,2890-1616,http://www.seains.com.hk/,Ace.Hong@seains.com.hk, MARITIME INSURANCE 
SEASIA (CHINA) LIMITED,"THE BROADWAY,54-62 LOCKHART ROAD,WAN CHAI,HONG KONG.",852,2331-8817,3020-0151,http://www.seasia-group.com,"hongkong@seasia-group.com 
operations@seasia-group.com", MARITIME CONSULTANCY
SEATRADE COMMUNICATIONS,"WHEELOCK HOUSE,
20 PEDDER STREET,
CENTRAL,
HONG KONG.",852,2293-2268,2293-2344,http://www.seatrade-global.com,mainak.halder@seatradehkg.com, SHIPPING PUBLICATIONS
SEVEN SEAS OIL (HONG KONG) LIMITED,"NEICH TOWER,
128 GLOUCESTER ROAD,
WAN CHAI,
HONG KONG",852,2838-1991,2838-2663,,bunkers@seven-seas.hk, BUNKERS
SGS HONG KONG LIMITED,"ON WUI CENTRE,
25 LOK YIP ROAD,
FANLING, N.T.,
HONG KONG",852,2765-3524,2363-0212,http://www.sgsgroup.com.hk/food,HK.Food.Service@sgs.com, OTHERS
SHANGHAI DRAGON (LOGISTICS) LTD,"SHIU FUNG HONG BUILDING,239-241 WING LOK STREET,SHEUNG WAN,HONG KONG. ",852,2736-8678,2736-8211,http://www.shadragon.com,rickyho@shadragon.com, FREIGHT FORWARDERS/LOGISTICS
SHIPAIR EXPRESS (HK) LTD.,"TELFORD HOUSE,
16 WANG HOI ROAD,
KOWLOON BAY,
KOWLOON,
HONG KONG. ",852,2303-0723,2774-3305,http://www.shipair.com.hk,shipair@shipair.com.hk, FREIGHT FORWARDERS/LOGISTICS
SHIU ON LOONG CO. LTD.,"PROFIT INDUSTRIAL BUILDING,
1-15 KWAI FUNG CRESCENT,
KWAI CHUNG,
NEW TERRITORIES,
HONG KONG.",852,2544-5791,2544-0139,,sol@solhk.com , MARINE SUPPLIERS (EQUIPMENT)
SHUI NAM NAVIGATION (HK) LTD.,"TERN CENTRE, TOWER 1,
237 QUEEN'S ROAD,
CENTRAL,
HONG KONG.",852,2815-1812,2542-2349,http://www.shuinam.com.hk/,kennethchan@shuinam.com.hk, LOCAL SHIPPING AGENTS
SHUN HING GLOBAL SERVICES LIMITED,"FAVOR INDUSTRIAL CENTER,
2-6 KIN HONG STREET,
KWAI CHUNG, 
NEW TERRITORIES,
HONG KONG.",852,"3563-8850
(852)",3563-8815,http://www.shglobal.com.hk,sales@shglobal.com.hk, FREIGHT FORWARDERS/LOGISTICS
SHUN TAK - CHINA TRAVEL SHIP MANAGEMENT LTD,"83 HING WAH ST WEST,
LAI CHI KOK,
KOWLOON,
HONG KONG.",852,2307-0880,2307-5083,http://www.turbojet.com.hk,enquiry@turbojet.com.hk, PASSENGER FERRY SERVICES
SHUTTLE CARGO INT'L (HK) LTD.,"SKYLINE TOWER,
18 TONG MI ROAD,
MONGKOK,
KOWLOON,
HONG KONG.",852,2815-8286,2545-6879,http://www.shuttlecargo.com.hk,info@shuttlecargo.com, FREIGHT FORWARDERS/LOGISTICS
SINDH TRANSPORT CO.,"MIRADOR MANSION, 
54-64 NATHAN ROAD,
TSIM SHA TSUI,
KOWLOON, 
HONG KONG. ",852,2723-0761,2367-5035,http://www.sindhtrans.com,nomanali@hotmail.co.uk, FREIGHT FORWARDERS/LOGISTICS
SINGAPORE PETROLEUM COMPANY (HONG KONG) LTD.,"CENTRAL PLAZA,18 HARBOUR ROAD,WAN CHAI,HONG KONG",852,3678-2296,2511-0867,http://www.petrochinaintl.com.hk/en/our-business/marine-fuel,marine@spc-hk.com.hk, BUNKERS
SINO MARINE SURVEY SERVICE CO.,"WORKINGBERG COMM BLDG.,
41-47 MABLE ROAD,
NORTH POINT,
HONG KONG.",852,2384-9736,2815-0267,http://sino-marine.com.hk,callsino@yahoo.com.hk, SURVEYORS
SINOTRANS (HK) SHIPPING LIMITED ,"MG TOWER,
133 HOI BUN ROAD,
KWUN TONG,
KOWLOON,
HONG KONG.",852,2859-9733,3905-8867,http://www.sinotrans-logistics.com/,edward@sinotrans-logistics.com , SHIPPING COMPANIES
"SKAARUP MANAGEMENT (H.K.) CO, LTD","HONG KONG PLAZA,188 CONNAUGHT ROAD WEST,HONG KONG.",852,2805-1482,2543-6852,http://www.skaarup.com,skmhk@netvigator.com, SHIP MANAGEMENT
SKH SHIPPING LIMITED,"TUNG HIP COMM. BLDG.,
244-252, 
DES VOEUX ROAD CENTRAL,
HONG KONG.",852,2369-7226,2367-6356,http://www.skhhkg.com.hk,info.hk@skhhkg.com.hk, SHIPPING COMPANIES
"SKY AIR (INTERNATIONAL) CO., LTD.","KING YIP FACTORY BUILDING,
59 KING YIP STREET,
KWUN TONG, 
KOWLOON,
HONG KONG.",852,2994-6217,3426-9156,http://www.skyairhkg.com,info@skyairhkg.com, FREIGHT FORWARDERS/LOGISTICS
SKY INTERNATIONAL,"HENAN BUILDING,
90 JAFFE ROAD,
WANCHAI,
HONG KONG.",852,2827-5876,"2827-7120
",http://www.sky-international.com,web@sky-international.com, MARINE SUPPLIERS (EQUIPMENT)
SMART CHEM LIMITED,"YEN SHENG CENTRE,
64 HOI YUEN ROAD,
KWUN TONG,
KOWLOON,
HONG KONG.",852,2165-4137,"3020-9590
",http://www.smartchemltd.com,info@smartchemltd.com, OTHERS
SMYTH & CO IN ASSOCIATION WITH RPC,"THREE EXCHANGE SQUARE,
8 CONNAUGHT PLACE,
CENTRAL,
HONG KONG.",852,2216-7000,2216-7001,http://www.rpc.co.uk,andrew.horton@rpc.com.hk, MARITIME LAW FIRMS
SOARING DRAGON ENTERPRISE LTD,"CENTRAL PLAZA,18 HARBOUR ROAD,WAN CHAI,HONG KONG",852,2519-3882,2511-3130,http://www.soaringdragon.com.hk,business@soaringdragon.com.hk, BUNKERS
SOUTH CHINA SHIPYARD,"CENTRE MARK II,
305-313 QUEEN'S ROAD CENTRAL,
HONG KONG.",852,2541-1282,2545-4540,http://www.southchinashipyard.com,ship@southchinashipyard.com, SHIPYARDS/SHIP REPAIRERS
"SOUTH CHINA TOWING CO., LTD.","SINGGA COM. CENTRE,
148 CONNAUGHT ROAD W.,
SAI YING PUN,
HONG KONG.",852,2548-5205,2858-2641,http://www.southchinatugs.com,sctugs@southchinatowing.com.hk, TOWAGE & SALVAGE
SOUTH HORIZONS INTERNATIONAL PETROLEUM LIMITED,"ONE ISLAND SOUTH,
2 HEUNG YIP ROAD,
WONG CHUK HANG,
HONG KONG.",852,2832-9010,2832-9007,http://www.ship.com.hk,hkbunkers@ship.com.hk, BUNKERS
SPECTEC ASIA PACIFIC EAST LIMITED,"GREATMANY CENTRE,
111 QUEEN'S ROAD EAST,
WAN CHAI,
HONG KONG.",852,2802-7862,2802-7889,http://www.spectec.net/,Ben.fan@spectec.net, MARITIME CONSULTANCY
SPEEDCAST LIMITED,"CHINA TAIPING TOWER,
8 SUNNING ROAD,
CAUSEWAY BAY,
HONG KONG.",852,3919-6800,3919-6880,http://www.speedcast.com,seacast@speedcast.com, MARITIME TELECOMMUNICATIONS
SPICE STORE LIMITED,"ARION COMMERCIAL CENTER,
2-12 QUEEN'S ROAD WEST,
SHEUNG WAN,
HONG KONG.",852,2944-2336,2854-0484,http://www.spicestore.hk,adeel@spicestore.hk, MARINE SUPPLIERS (EQUIPMENT)
STANDARD MARINE & CARGO SURVEY (ASIA) LIMITED,"GOLDEN INDUSTRIAL BLDG.,
16 - 26 KWAI TAK STREET,
KWAI FONG,
NEW TERRITORIES,
HONG KONG. ",852,3145-0555,3145-0450,http://www.standard-cargosurvey.com,surveyor@standardmarine.corp.com.hk, SURVEYORS
STAR WAY BUNKERS LIMITED,"CENTRAL PLAZA,18 HARBOUR ROAD,WAN CHAI,HONG KONG",852,2866-7201,2866-7301,http://www.starwaybunkers.hk,bunkers@starwaybunkers.hk, BUNKERS
STEPHENSON HARWOOD,"UNITED CENTRE,95 QUEENSWAY,HONG KONG.",852,2868-0789,2868-1504,http://www.shlegal.com,andrew.rigdengreen@shlegal.com, MARITIME LAW FIRMS
STORM FORCE MARINE LTD,"DOMINION CENTRE,43 QUEEN'S ROAD EAST,WAN CHAI,HONG KONG.",852,2866-0114,2866-9260,http://www.stormforcemarine.com,sales@stormforcemarine.com, MARINE SUPPLIERS (EQUIPMENT)
SUI JUN INTERNATIONAL LTD,"MANULIFE FINANCIAL CENTRE,
223 WAI YIP STREET,
KWUN TONG,
KOWLOON,
HONG KONG.",852,2544-3963,2544-3692,http://www.suijun.com,carmenliu@suijun.com, FREIGHT FORWARDERS/LOGISTICS
SUN CROWN SHIPPING LTD.,"AMTEL BUILDING,148 DES VOEUX RD,CENTRAL,HONG KONG.",852,2545-4128,2854-1933,,scshiphk@netvigator.com, LOCAL SHIPPING AGENTS
SUN LORD CO. LTD.,"WAYSON COMM BLDG,28 CONNAUGHT RD WEST,HONG KONG.",[SHIPPING,"COMPANIES]
(852)","COMPANIES]
(852)",,all@sunlord.com.hk, LOCAL SHIPPING AGENTS
SUN MOBILITY INSURANCE AND CLAIMS SERVICES LIMITED,"EXCEL CENTRE,483A CASTLE PEAK ROAD,LAI CHI KOK,KOWLOON,HONG KONG.",852,2299,2866-7096,http://www.sun-mobility.com,gm@smicsl.com, MARITIME INSURANCE 
SUNITEX PETROCHEMICAL (FAR EAST) CO. LTD.,"HARBOUR CRYSTAL CENTRE,
100 GRANVILLE ROAD,
TSIM SHA TSUI EAST,
KOWLOON,
HONG KONG.",852,2311-3300,2312-2638,http://www.sunitex.com.hk,sunitex@netvigator.com, MARINE SUPPLIERS (EQUIPMENT)
SUPERNOVA LOGISTICS (HONG KONG) LIMITED,"RICKY CENTRE,
36 CHONG YIP STREET,
KWUN TONG, KOWLOON,
HONG KONG.",852,2765-8741,3113-9622,http://www.supernova-logistics.com,nova@supernova-logistics.com, FREIGHT FORWARDERS/LOGISTICS
SUZ AIR & SEA FREIGHT (HK) LIMITED,"KWAI SHUN IND. CTR.,51-63 CONTAINER PORT ROAD,KWAI CHUNG,NEW TERRITORIES,HONG KONG",852,3590-6885,3590-6181,http://www.suzair.com.hk,suzair@suzair.com.hk, FREIGHT FORWARDERS/LOGISTICS
SY & L INTERNATIONAL LIMITED,"PARK BUILDING,
476 CASTLE PEAK ROAD,
KOWLOON,
HONG KONG. ",852,3727-5700,3727-5799,http://www.sylhk.com,s_ho@sylhk.com, FREIGHT FORWARDERS/LOGISTICS
SYGNUS MARINE (HK) LTD.,"SOUTH HORIZONS, 
AP LEI CHAU, ABERDEEN,
HONG KONG.",852,9316-9971,null,http://www.sygnusmarine.hk,admin@sygnusmarine.hk, MARITIME CONSULTANCY
TAI CHONG CHEANG STEAMSHIP CO. (H.K.) LIMITED,"COSCO TOWER,183 QUEEN'S RD,CENTRAL,HONG KONG.",852,2522-5171,2845-9307,http://www.tccfleet.com,null, SHIPPING COMPANIES
TAI WAH SEA & LAND HEAVY TRANSPORTATION LTD,"48 MAN FAI BLDG,
FERRY POINT,
KOWLOON,
HONG KONG.",852,2388-7578,2780-6812,http://www.taiwahhk.com,taiwah@taiwahhk.com, FREIGHT FORWARDERS/LOGISTICS
TAISHIP DEVELOPMENT LTD.,"9 DES VOEUX RD WEST,
HONG KONG.",852,2850-6206,2850-6195,http://www.taiship.com,tship@taiship.com, SHIPPING COMPANIES
TAK WING SHIPPING COMPANY (H K & MACAU),"98 CATCHICK STREET,
HONG KONG.",852,2818-8060,2855-0164,http://www.macaushipping.com,rickho@macaushipping.com, SHIPPING COMPANIES
TARGET STORAGE LIMITED,"SHUN TAK CENTRE,168-200 CONNAUGHT ROAD, CENTRAL,HONG KONG.",852,2690,2690,http://www.targetstorage.com.hk,info@targetstorage.com.hk, GODOWNS & WAREHOUSES
TCWONG AVERAGE CONSULTING LTD.,"SAI WAN HO PLAZA, 
68 SHAU KEI WAN ROAD,
HONG KONG.",852,3996-9876,null,,raymond.wong@averageadj.com, MARITIME CONSULTANCY
TEAM WELL LOGISTICS LTD,"JOIN-IN HANG SING CENTRE,
2-16 KWAI FUNG CRESCENT,
KWAI CHUNG,
NEW TERRITORIES,
HONG KONG.",852,3998-4055,3988-4056,http://www.twlog.com.hk,info@twlog.com.hk, FREIGHT FORWARDERS/LOGISTICS
TECHCOM SECURITY TECHNOLOGY LIMITED,"WAH LOK INDUSTRIAL CENTRE, 
31-41 SHAN MEI STREET,
FO TAN,
NEW TERRITORIES,
HONG KONG.",852,2186-7300,2186-7303,http://www.techcomsecurity.com,sales@techcomsecurity.com, MARINE SUPPLIERS (EQUIPMENT)
TECWAY (CHINA) LTD.,"SHATIN GALLERIA, 
18-24 SHAN MEI STREET,
FO TAN, SHA TIN,
NEW TERRITORIES,
HONG KONG.",852,3153-4121,2548-3318,http://www.tecwayintl.com/en/ptc.html,infotwc@tecwayintl.com , MARINE SUPPLIERS (EQUIPMENT)
TELEMAR HONG KONG LTD,"PREMIER CENTRE, 
20 CHEUNG SHUN STREET,
KOWLOON,
HONG KONG.",852,2370-0350,2370-3325,http://www.telemarhk.com,service@telemarhk.com, MARINE SUPPLIERS (EQUIPMENT)
THE CHINA NAVIGATION CO PTE LTD.,"CHINACHEM EXCHANGE SQUARE,
1 HOI WAN ST.,
QUARRY BAY,
HONG KONG.",852,2840-8863,2946-8480,http://www.swirecnco.com,enquiry@swirecuco.com, SHIPPING COMPANIES
THE HONG KONG SHIPPERS' COUNCIL,"9 CHONG YIP STREET,
KWUN TONG,
KOWLOON,
HONG KONG.",852,2211-2323,2891-9787,http://www.hkshippers.org.hk,shippers@hkshippers.org.hk, TRADE/SHIPPING ORGANIZATIONS
THE HONG KONG SHIPYARD LTD,"TAM KON SHAN RD,TYTL 102,NGAU KOK WAN,NORTH TSING YI,NEW TERRITORIES,HONG KONG.",852,2436-1138,2436-2011,http://www.hkf.com,hksyd@hkf.com, SHIPYARDS/SHIP REPAIRERS
THE HUI'S GROUP (HK) LIMITED,"HING YIP FACTORY BUILDING,
31 HING YIP STREET,
KWUN TONG,
KOWLOON,
HONG KONG.",852,6319-1882,null,,admin@hui.no, MARINE SUPPLIERS (EQUIPMENT)
THRIFT LOGISTICS LIMITED,"KINGSWAY INDUSTRIAL BUILDING,
167-175 WO YI HOP ROAD,
KWAI CHUNG, 
NEW TERRITORIES,
HONG KONG.",852,2377-3577,2377-3588,http://www.thriftlogistics.com,yoyo@thriftlogistics.com, FREIGHT FORWARDERS/LOGISTICS
TOPLIS & HARDING (MARINE) LTD,"AXA TOWER, 
LANDMARK EAST,
100 HOW MING STREET,
KWUN TONG,
KOWLOON,
HONG KONG. ",852,2866-7744,2858-2633,http://toplishongkong.blogspot.com,general@toplishk.com, SURVEYORS
TRADEWINDS ALL FREIGHT (HK) LTD.,"HAY NIEN BLDG.,
1 TAI YIP STREET,
KWUN TONG,
KOWLOON,
HONG KONG.",852,2754-2020,"2799-5799
(852)",http://www.tradewinds.com.hk,tafhkg@tradewinds.com.hk, FREIGHT FORWARDERS/LOGISTICS
TRANS MARINE SUPPLY COMPANY,"KWONG GA FACTORY BUILDING, 64 VICTORIA ROAD,KENNEDY TOWN,HONG KONG",852,2872-0980,2817-8997,,transmar@netvigator.com, MARINE SUPPLIERS (EQUIPMENT)
TRANSCON SHIPPING CO LTD,"WESTLEY SQUARE,
48 HOI YUEN ROAD,
KWUN TONG,
KOWLOON,
HONG KONG.",852,2364-2118,2954-0290,http://www.TransconShipping.com,hkg@transcon.com.hk, FREIGHT FORWARDERS/LOGISTICS
TRANSFIT SHIPPING LIMITED,"CHEUNG SHA WAN PLAZA,
833 CHEUNG SHA WAN ROAD,
KOWLOON,
HONG KONG.",852,2805-1889,null,http://www.transfit.com.hk,good@transfit.com.hk, FREIGHT FORWARDERS/LOGISTICS
TRANSMA LTD,"167-169 HENNESSY RD,
WAN CHAI,
HONG KONG.",852,2861-1623,2861-3901,,transma@transma.com.hk, SHIPYARDS/SHIP REPAIRERS
TRENDY TRADE CHINA LIMITED,"STAR HOUSE, 
NO. 3 SALISBURY ROAD, 
TSIM SHA TSUI,
KOWLOON, 
HONG KONG.",852,3468-3758,null,http://www.trendytradegroup.com/china/en,contact@trendytradegroup.com, TRADE/SHIPPING ORGANIZATIONS
TRICOR GLOBAL LOGISTICS LIMITED,"NO.109 HOW MING STREET,
KWUN TONG,
EAST KOWLOON,
HONG KONG.
",852,3489-3330,3998-3413,http://www.tricor-global.com,hongkong@tricorlogistics.com, FREIGHT FORWARDERS/LOGISTICS
TRIPLE EAGLE (GROUP) LTD,"EGL TOWER, 
HUNG TO ROAD 83,
KWUN TONG,
KOWLOON,
HONG KONG.
",852,"2770-3132
",2780-7209,http://www.triple-eagle.com,support@mdd.triple-eagle.com, FREIGHT FORWARDERS/LOGISTICS
TROUTMAN SANDERS,"TWO EXCHANGE SQUARE,
8 CONNAUGHT PLACE, 
CENTRAL,
HONG KONG.",852,2533-7822,3009-3408,http://www.troutmansanders.com,ronald.sum@troutmansanders.com, MARITIME LAW FIRMS
TSUI & CO.,"SHANGHAI 
INDUSTRIAL INVESTMENT BUILDING,
48-62 HENNESSY ROAD, 
WAN CHAI,
HONG KONG.",852,2111-2180,3100-0125,http://www.tsuico.net,sam.tsui@tsuico.com, MARITIME LAW FIRMS
TSUI WAH FERRY SERVICES (HK) LTD.,"BOSS COMM. CENTRE,
28 FERRY STREET,
KOWLOON,
HONG KONG.
",852,2272-2022,2528-3320,http://www.traway.com.hk,info@traway.com.hk , PASSENGER FERRY SERVICES
UNGERT LINE LIMITED,"WU CHUNG HOUSE,
213 QUEEN'S ROAD EAST,
WAN CHAI,
HONG KONG.",852,5804-9046,2892-2263,http://www.ull.hk,info@ull.hk, GODOWNS & WAREHOUSES
UNION STAR SURVEYORS LTD,"MTL BERTH 1,
KWAI CHUNG,
HONG KONG.",852,2424-5521,2419-0467,,survey@union-star.com.hk, SURVEYORS
UNITED ASIA BUNKERING & TRADING LIMITED,"UNIT 02, 36/F,
CITICORP CENTRE,
18 WHITFIELD ROAD,
HONG KONG. ",852,9138-9311,3956-8723,http://www.uabt.com,general@uabt.com, BUNKERS
UNITED SHIPCHANDLERS LIMITED,"TUNG CHEONG INDUSTRIAL BLDG.,
177-181 YEUNG UK ROAD,
TSUEN WAN,
NEW TERRITORIES,
HONG KONG.",852,2816-7228,2816-7107,,info@unitedshipchandlers.com , MARINE SUPPLIERS (EQUIPMENT)
UNIVAN COMMERCIAL SERVICES LIMITED,"CITICORP CENTRE,18 WHITFIELD ROAD,NORTH POINT,HONG KONG.",852,3143-7706,2861-0742,http://www.univan.com,commercial@univan.com, MARITIME CONSULTANCY
UNIVAN SHIP MANAGEMENT LTD,"CITICORP CENTRE,18 WHITFIELD ROAD,NORTH POINT,HONG KONG.",852,3143-7788,2861-0742,http://www.univan.com,business@univan.com, SHIP MANAGEMENT
V SHIPS (HONG KONG) LIMITED,"SILVERCORD TOWER 2,
30 CANTON ROAD,
TSIM SHA TSUI,
HONG KONG.",852,9091-7675,3017-3979,http://www.vships.com,Hongkong@vships.com, MARITIME CONSULTANCY
"VALLES STEAMSHIP CO LTD., HONG KONG","THE CENTER,
99 QUEEN'S ROAD CENTRAL,
HONG KONG. ",852,"2877-9189
(852)",2868-4014,http://www.vallesgroup.com,hongkong@vallesfleet.com, SHIP MANAGEMENT
VERMONT MARINE BUNKERING LTD.,"CONNAUGHT ROAD WEST, SAI YING POON,HONG KONG.",852,2803-0608,2527-3851,http://www.vermont.com.hk,vermont@vermont.com.hk, BUNKERS
VIATECH ENGINEERING LTD.,"29 AUSTIN ROAD,
TSIM SHA TSUI,
KOWLOON,
HONG KONG.",852,2735-8860,2735-8900,http://www.viatechheavylift.com/,info@viatechship.com, LOCAL SHIPPING AGENTS
VICO SHIPPING COMPANY,"LAWS COMMERCIAL PLAZA,788 CHEUNG SHA WAN ROAD,LAI CHI KOK,KOWLOON,HONG KONG.",852,2332-2908,2332-9038,http://www.vico.com.hk,jacky.yip@vico.com.hk, FREIGHT FORWARDERS/LOGISTICS
VOITH TURBO LTD.,"GUARDFORCE CENTRE,
3 HOK YUEN STREET EAST,
HUNG HOM,
KOWLOON,
HONG KONG.",852,2774-4083,2362-5676,http://www.voithturbo.com/,willie.yeung@voith.com, MARINE SUPPLIERS (EQUIPMENT)
WAH SHUN SHIPPING CO LTD,"CHINA MERCHANTS TOWER,
168-200 CONNAUGHT RD.,
CENTRAL,
HONG KONG. ",852,2857-7311,2517-7799,,cjt@cspuyuan.com, OTHERS
WALLEM COMMERCIAL SERVICES LTD,"WARWICK HSE EAST,TAIKOO PLACE,979 KING'S ROAD,QUARRY BAY,HONG KONG.",852,2876-8888,2876-1800,http://www.wallem.com/,commercial@wallem.com, SHIPPING COMPANIES
WALLEM GROUP LTD,"WARWICK HSE EAST,TAIKOO PLACE,979 KING'S ROAD,QUARRY BAY,HONG KONG.",852,2876-8888,2876-1888,http://www.wallem.com,group@wallem.com, SHIPPING COMPANIES
WALLEM SHIPBROKING (HK) LTD.,"WARWICK HSE EAST,TAIKOO PLACE,979 KING'S ROAD,QUARRY BAY,HONG KONG.",852,2876-8800,2876-1800,http://www.wallem.com/,sandp@wallem.com, SHIP BROKERS
WALLEM SHIPMANAGEMENT LTD,"WARWICK HSE EAST,TAIKOO PLACE,979 KING'S ROAD,QUARRY BAY,HONG KONG.",852,2876-8200,2876-1234,http://www.wallem.com/,wsmhk@wallem.com, SHIP MANAGEMENT
WALLEM SHIPPING (HK) LTD.,"DORSET HOUSE,
TAIKOO PLACE,
979 KING'S ROAD,
QUARRY BAY,
HONG KONG ",852,2876-8523,2876-1500,http://www.wallem.com,wshkops@wallem.com , LOCAL SHIPPING AGENTS
"WANG TAK ENGINEERING & SHIPBUILDING CO, LTD","WANG TAK BUILDING,
85 HING WAH STREET WEST,
LAI CHI KOK,
KOWLOON,
HONG KONG. ",852,2746-2888,2307-5500,http://www.wangtak.com.hk,info@wangtak.com.hk, SHIPYARDS/SHIP REPAIRERS
WANGFOONG TRANSPORTATION LTD.,"HARBOUR COMMERCIAL BUILDING,
122 CONNAUGHT ROAD CENTRAL,
HONG KONG.",852,2544-9611,2854-0247,http://www.wangfoong.com.hk,wfinfo@wangfoong.com.hk, FREIGHT FORWARDERS/LOGISTICS
WATSON FARLEY & WILLIAMS,"ONE PACIFIC PLACE,
88 QUEENSWAY,
HONG KONG.",852,2918-6700,2918-9777,http://www.wfw.com,infohk@wfw.com, MARITIME LAW FIRMS
WEALTH FAIR CONTAINER SERVICES LTD,"METROPLAZA,223 HING FONG ROAD,KWAI FONG,HONG KONG.",852,3196-2700,3916-2778,http://www.wealthfair.com,mail@wealthfair.com, GODOWNS & WAREHOUSES
WEALTH OCEAN SERVICES LTD.,"LIPPO CENTRE,
89 QUEENSWAY,
ADMIRALTY,
HONG KONG.",852,2865-7993,2866-2027,,common@wealthocean.com.hk, SHIP MANAGEMENT
WEATHERNEWS HONG KONG LIMITED,"CHINA HONG KONG TOWER,
8-12 HENNESSY ROAD,
WAN CHAI,
HONG KONG.",852,2574-3232,2574-3366,http://weathernews.com/TFMS/,lindac@wni.com, OTHERS
WELLBOND COMPANY,"WAI SHING MANSION,
62, WAI CHING STREET,
JORDAN, 
KOWLOON,
HONG KONG.",852,2409-9788,2783-0087,,wellbond@live.hk, MARINE SUPPLIERS (EQUIPMENT)
WELLS MARINE AGENCIES,"WELLAND BUILDING,
368 QUEEN'S RD. CENTRAL,
HONG KONG.",852,2543-4909,2543-4130,,"wellsmar@netvigator.com 
ops@wells-marine.com.hk ", LOCAL SHIPPING AGENTS
WELLSON INTERNATIONAL LTD,"MAN KING BUILDING,
28 MAN WUI STREET, 
FERRY POINT,
KOWLOON, 
HONG KONG.",852,2850-5662,2851-0115,,welson@netvigator.com , FREIGHT FORWARDERS/LOGISTICS
WIDER LOGISTICS LTD,"PACIFIC TRADE CENTRE,
2 KAI HING RD,
KOWLOON BAY,
KOWLOON,
HONG KONG.",852,2754-9507,"2798-6314
(852)",http://www.widerlogistics.com,wider@widerhkg.com, FREIGHT FORWARDERS/LOGISTICS
WILHELMSEN SHIP MANAGEMENT LTD.,"SHUN TAK CENTRE,168-200 CONNAUGHT ROAD, CENTRAL,HONG KONG.",852,2545-9888,2544-7005,http://wilhelmsen.com/shipmanagement,wmanager@wilhelmsen.com, SHIP MANAGEMENT
WILHELMSEN SHIPS SERVICE LTD.,"LU PLAZA,
2 WING YIP STREET,
KWUN TONG,
KOWLOON,
HONG KONG.",852,2880-1688,2880-5058,http://www.wilhelmsen.com/shipsservice,wss-hkg-shipsagency@wilhelmsen.com, LOCAL SHIPPING AGENTS
WILLIAMSON MARINE SERVICE LTD.,"24 NAM CHEONG STREET,
SHAM SHUI PO,
KOWLOON,
HONG KONG. ",852,2394-4241,2789-8009,http://www.williamsonmarineserv.com,info@williamsonmarineserv.com, SHIPYARDS/SHIP REPAIRERS
WINBO SHIPPING LTD.,"WO HING COMMERCIAL BUILDING,
11-15 WING WO STREET,
SHEUNG WAN,
HONG KONG.",852,2543-3686,2543-4070,,winboshp@netvigator.com , LOCAL SHIPPING AGENTS
"WING YIP SHIPPING & TRANSPORTATION CO, LTD","WAYLAND HOUSE,
55 SHEK PAI WAN ROAD,
TIN WAN,
ABERDEEN,
HONG KONG.",852,2300-1816,2555-6966,,Wingyip3002@yahoo.com.hk, PASSENGER FERRY SERVICES
WINNER GODOWN LTD,"WINNER GODOWN BLDG.,
1-9 SHA TSUI ROAD,
TSUEN WAN,
HONG KONG.",852,2408-7221,2407-6052,,irene@winnerlogistics.com , GODOWNS & WAREHOUSES
WITECH ENGINEERING (HK) LTD.,"GOOD HARVEST CENTRE ,
33 ON CHUEN ST,
FAN LING,
NEW TERRITORIES,
HONG KONG.",852,2450-3688,2450-3052,,witechfchu@yahoo.com, SHIPYARDS/SHIP REPAIRERS
WM SHIPPING AGENCY (H.K.) LTD.,"EAST EXCHANGE TOWER,
38 LEIGHTON ROAD, 
CAUSEWAY BAY,
HONG KONG.",852,2722-1608,2492-4428,http://www.wmgroup.hk,OPS@WM.COM.HK, SHIPPING COMPANIES
WORLD FUEL SERVICES (SINGAPORE) PTE LTD,"HARCOURT HOUSE, 39 GLOUCESTER ROAD,WAN CHAI, HONG KONG.",852,3476-5001,2865-1700,http://www.worldfuel.com,oshk@wfscorp.com, BUNKERS
WORLDWIDE CRUISE TERMINALS,"KAI TAK CRUISE TERMINAL,
33 SHING FUNG ROAD,
KOWLOON,
HONG KONG.",852,3465-6888,3465-6880,http://www.kaitakcruiseterminal.com.hk,info@kaitakcruiseterminal.com.hk, CRUISE TERMINAL
WORTECH CRANE SERVICE ENGINEERING LIMITED,"EXCELISIOR BUILDING,
68-76 SHA TSUI ROAD,
TSUEN WAN,
N.T.,
HONG KONG.",852,3481-9111,3481-9222,http://www.wortech-crane.com,service@wortech-crane.com, SHIPYARDS/SHIP REPAIRERS
XEN FREIGHT AGENCY LTD,"WING HIN FACTORY BUILDING,
NO. 31-33 NG FONG STREET,
SAN PO KONG,
KOWLOON,
HONG KONG.",852,2408-0033,2750-6717,http://www.szxenfreight.org,"xenfreight@xenfreight.com.hk 
meki@xenfreight.com.hk", FREIGHT FORWARDERS/LOGISTICS
XIAMEN HARVEST SHIPPING LTD,"EXCEL CENTRE,483A CASTLE PEAK ROAD,LAI CHI KOK,KOWLOON,HONG KONG.",852,3416-9000,3743-5826,http://www.xhsl.com.hk,"hm-tin@xhsl.com.hk
ops@xhsl.com.hk", FREIGHT FORWARDERS/LOGISTICS
YCH LOGISTICS (HK) LTD.,"TUEN MUN DISTRIBUTION CENTRE,
BLOCK 2,
3A HUNG CHEUNG ROAD,
TUEN MUN, 
NEW TERRITORIES,
HONG KONG.",852,2467-9881,2461-6251,http://www.ych.com,infohk@ych.com, FREIGHT FORWARDERS/LOGISTICS
YIU LIAN AGENCY LTD,"SAI TSO WAN RD,TSING YI ISLAND,NEW TERRITORIES,HONG KONG.",852,2544-9949,2581-1418,,george13@netvigator.com, TOWAGE & SALVAGE
YIU LIAN DOCKYARDS LIMITED,"SAI TSO WAN RD,TSING YI ISLAND,NEW TERRITORIES,HONG KONG.",,,,http://www.yiulian.com.hk,yltug@yiulian.com.hk , SHIPYARDS/SHIP REPAIRERS
ZENNON & ASSOCIATES LIMITED,"FOOK YIP BUILDING,NO. 53-57, KWAI FUNG CRESCENT,KWAI CHUNG,NEW TERRITORIES,HONG KONG.",852,2866-6480,2866-6487,http://www.zennongroup.com,general@zennongroup.com, SURVEYORS
